Date,Open,Close,High,Low,Volume
2012-05-18,42.00,38.23,45.00,38.00,580587712
2012-05-21,36.66,34.03,36.66,33.00,168309824
2012-05-22,32.59,31.00,33.59,30.94,102053824
2012-05-23,31.38,32.00,32.50,31.36,73721136
2012-05-24,32.98,33.03,33.21,31.77,50275880
2012-05-25,32.91,31.91,32.95,31.11,37189632
2012-05-29,31.48,28.84,31.69,28.65,78060800
2012-05-30,28.70,28.19,29.55,27.86,57267868
2012-05-31,28.54,29.60,29.67,26.83,111639200
2012-06-01,28.93,27.72,29.15,27.39,41855500
2012-06-04,27.20,26.90,27.65,26.44,35230288
2012-06-05,26.70,25.87,27.76,25.75,42473264
2012-06-06,26.07,26.81,27.17,25.52,61487020
2012-06-07,27.00,26.31,27.35,26.15,26167756
2012-06-08,26.58,27.10,27.76,26.44,38033420
2012-06-11,27.16,27.01,28.07,26.84,28225888
2012-06-12,27.48,27.40,27.77,26.96,15822414
2012-06-13,27.66,27.27,28.10,27.10,17118672
2012-06-14,27.69,28.29,28.32,27.38,16854124
2012-06-15,28.50,30.01,30.10,28.35,43563740
2012-06-18,29.96,31.41,32.08,29.41,42978208
2012-06-19,31.50,31.91,32.18,30.70,30848912
2012-06-20,31.92,31.60,31.93,31.15,15558921
2012-06-21,31.67,31.84,32.50,31.51,21875228
2012-06-22,32.41,33.05,33.45,32.06,74833976
2012-06-25,32.88,32.06,33.02,31.55,24352818
2012-06-26,32.68,33.10,33.44,32.50,24858612
2012-06-27,32.46,32.23,32.90,31.90,28599506
2012-06-28,31.96,31.36,32.19,30.90,17713292
2012-06-29,31.92,31.10,31.99,30.76,19526824
2012-07-02,31.25,30.77,31.73,30.55,14131476
2012-07-03,30.90,31.20,31.44,30.80,8765498
2012-07-05,31.32,31.47,31.63,31.02,10036688
2012-07-06,31.44,31.73,31.90,31.26,10949006
2012-07-09,32.10,32.17,32.88,31.99,17785180
2012-07-10,32.43,31.47,32.48,31.16,14276996
2012-07-11,31.48,30.97,31.56,30.55,13027752
2012-07-12,30.70,30.81,31.40,30.60,11306636
2012-07-13,31.02,30.72,31.07,30.56,8117346
2012-07-16,30.50,28.25,30.50,28.21,24672074
2012-07-17,28.48,28.09,28.59,27.15,30438552
2012-07-18,28.40,29.11,29.29,28.15,16841780
2012-07-19,29.40,29.00,29.50,28.63,13685031
2012-07-20,29.00,28.76,29.47,28.72,11869046
2012-07-23,28.12,28.75,29.00,28.01,12393864
2012-07-24,28.82,28.45,29.45,28.10,11539799
2012-07-25,28.39,29.34,29.49,28.08,17230154
2012-07-26,27.77,26.85,28.23,26.73,64597376
2012-07-27,23.21,23.71,24.54,22.28,123098336
2012-07-30,24.00,23.15,24.04,23.03,29285896
2012-07-31,23.33,21.71,23.37,21.61,56179320
2012-08-01,21.50,20.88,21.58,20.84,44604364
2012-08-02,20.82,20.04,20.84,19.82,56374436
2012-08-03,20.38,21.09,22.16,19.90,80646976
2012-08-06,21.39,21.92,22.15,21.30,27778038
2012-08-07,22.20,20.72,22.45,20.50,36782828
2012-08-08,20.75,20.72,21.15,20.22,29537376
2012-08-09,20.75,21.01,21.17,20.61,15618515
2012-08-10,21.41,21.81,21.82,21.13,25794672
2012-08-13,22.15,21.60,22.45,21.40,24972972
2012-08-14,21.41,20.38,21.60,20.25,39308632
2012-08-15,20.59,21.20,21.41,20.40,47860768
2012-08-16,20.44,19.87,20.48,19.69,157554944
2012-08-17,20.00,19.05,20.08,19.00,129293344
2012-08-20,19.05,20.01,20.13,18.75,101186528
2012-08-21,19.58,19.16,19.98,19.09,70640464
2012-08-22,19.36,19.44,19.53,18.96,49892128
2012-08-23,19.50,19.44,19.73,19.36,32813310
2012-08-24,19.52,19.41,19.68,19.25,29622156
2012-08-27,19.50,19.15,19.53,19.10,20703908
2012-08-28,19.10,19.34,19.38,18.95,25425786
2012-08-29,19.32,19.10,19.38,19.07,16124625
2012-08-30,19.27,19.09,19.45,19.06,30647472
2012-08-31,18.68,18.06,18.70,18.03,58764168
2012-09-04,18.06,17.73,18.27,17.55,46622352
2012-09-05,18.26,18.58,18.75,18.18,60781720
2012-09-06,18.75,18.96,19.26,18.72,46066348
2012-09-07,19.06,18.98,19.42,18.78,36371696
2012-09-10,19.06,18.81,19.20,18.55,24797642
2012-09-11,18.92,19.43,19.58,18.85,50508128
2012-09-12,20.75,20.93,21.16,20.28,121584000
2012-09-13,20.96,20.71,21.48,20.61,65041524
2012-09-14,21.11,22.00,22.08,20.90,72819640
2012-09-17,22.70,21.52,22.75,21.50,50666448
2012-09-18,21.63,21.87,21.98,21.37,36760448
2012-09-19,22.00,23.29,23.37,21.77,78782784
2012-09-20,23.04,22.59,23.24,22.54,57248664
2012-09-21,23.00,22.86,23.24,22.60,51218096
2012-09-24,21.78,20.79,21.98,20.36,79105120
2012-09-25,21.20,20.28,21.21,20.22,46291656
2012-09-26,20.15,20.62,20.78,19.80,38271880
2012-09-27,20.98,20.32,21.00,20.16,30215820
2012-09-28,20.57,21.66,21.95,20.50,65485920
2012-10-01,22.10,21.99,22.59,21.73,51262680
2012-10-02,22.08,22.27,22.49,21.82,29341392
2012-10-03,22.30,21.83,22.49,21.80,32000080
2012-10-04,22.32,21.95,22.40,21.41,46894596
2012-10-05,21.50,20.91,21.63,20.88,40529224
2012-10-08,20.40,20.40,20.75,20.16,32236628
2012-10-09,20.40,20.23,20.55,19.97,27161736
2012-10-10,19.93,19.64,19.94,19.45,39321760
2012-10-11,19.90,19.75,19.96,19.61,21817228
2012-10-12,19.77,19.52,19.80,19.48,18809396
2012-10-15,19.68,19.52,19.88,19.49,20189668
2012-10-16,19.68,19.48,19.69,19.30,21834688
2012-10-17,19.50,19.88,20.48,19.37,44074432
2012-10-18,19.70,18.98,19.79,18.89,52157368
2012-10-19,19.00,19.00,19.06,18.80,34834948
2012-10-22,19.25,19.32,19.43,19.05,32447004
2012-10-23,19.25,19.50,19.80,19.10,78381104
2012-10-24,24.12,23.23,24.25,22.85,228949136
2012-10-25,23.29,22.56,23.31,22.47,76141920
2012-10-26,22.38,21.94,22.88,21.88,73259520
2012-10-31,20.79,21.11,21.50,20.73,99378184
2012-11-01,21.08,21.21,21.44,21.01,37713888
2012-11-02,21.25,21.18,21.69,21.07,38344332
2012-11-05,21.08,21.25,21.48,20.92,31806692
2012-11-06,21.24,21.17,21.37,20.99,29062642
2012-11-07,20.85,20.47,20.95,20.37,33396732
2012-11-08,20.47,19.99,20.73,19.98,34254536
2012-11-09,19.99,19.21,20.00,19.13,42295432
2012-11-12,19.15,20.07,20.17,18.87,67349112
2012-11-13,19.60,19.86,20.11,19.56,71775072
2012-11-14,20.08,22.36,22.50,19.93,229750912
2012-11-15,22.38,22.17,22.50,21.65,78857408
2012-11-16,22.23,23.56,23.93,22.18,107182168
2012-11-19,23.95,22.92,24.12,22.82,85021256
2012-11-20,22.75,23.10,23.90,22.70,46655292
2012-11-21,23.21,24.32,24.53,23.05,89862344
2012-11-23,24.55,24.00,24.68,23.88,29520312
2012-11-26,24.94,25.94,26.09,24.81,123862048
2012-11-27,26.04,26.15,26.50,25.46,85760072
2012-11-28,25.95,26.36,26.49,25.75,49205508
2012-11-29,26.50,27.32,27.52,26.16,88759064
2012-11-30,27.25,28.00,28.00,26.76,127049544
2012-12-03,28.00,27.04,28.88,26.98,123525096
2012-12-04,27.06,27.46,27.76,26.68,72912720
2012-12-05,27.77,27.71,27.90,27.26,58974840
2012-12-06,27.70,26.97,27.75,26.82,46001492
2012-12-07,27.07,27.49,27.78,26.84,51751808
2012-12-10,27.14,27.84,28.17,27.10,50608464
2012-12-11,28.08,27.98,28.24,27.66,77099032
2012-12-12,27.99,27.58,28.14,27.37,46704200
2012-12-13,27.59,28.24,28.75,27.43,81051552
2012-12-14,28.10,26.81,28.33,26.76,91631544
2012-12-17,26.75,26.75,27.00,26.32,57742404
2012-12-18,26.97,27.71,27.91,26.90,60512872
2012-12-19,27.83,27.41,28.22,26.95,61390120
2012-12-20,27.50,27.36,27.60,27.13,35574784
2012-12-21,26.62,26.26,27.01,26.12,54555184
2012-12-24,26.47,26.93,26.96,26.20,28230036
2012-12-26,27.03,26.51,27.18,26.38,33175320
2012-12-27,26.55,26.05,26.80,25.52,43481680
2012-12-28,25.49,25.91,26.11,25.15,56574796
2012-12-31,26.19,26.62,26.99,26.11,60374424
2013-01-02,27.42,28.00,28.18,27.42,69844976
2013-01-03,27.88,27.77,28.47,27.59,63140528
2013-01-04,28.00,28.76,28.93,27.83,72715352
2013-01-07,28.66,29.42,29.79,28.65,83781728
2013-01-08,29.51,29.06,29.60,28.86,45870932
2013-01-09,29.66,30.59,30.60,29.49,104787656
2013-01-10,30.60,31.30,31.45,30.28,95316368
2013-01-11,31.28,31.72,31.96,31.10,89597984
2013-01-14,32.04,30.95,32.21,30.62,98886856
2013-01-15,30.62,30.10,31.71,29.88,173242352
2013-01-16,30.20,29.85,30.35,29.53,75332648
2013-01-17,30.08,30.14,30.42,30.03,40256608
2013-01-18,30.29,29.66,30.44,29.27,49631496
2013-01-22,29.75,30.73,30.89,29.74,55243212
2013-01-23,31.12,30.82,31.50,30.80,48899740
2013-01-24,31.24,31.08,31.49,30.81,43845048
2013-01-25,31.40,31.54,31.93,31.13,54363552
2013-01-28,31.88,32.47,32.51,31.81,59681408
2013-01-29,32.01,30.79,32.07,30.71,72976496
2013-01-30,31.00,31.24,31.49,30.88,87682080
2013-01-31,29.15,30.98,31.47,28.74,190743616
2013-02-01,31.00,29.73,31.02,29.63,85856664
2013-02-04,29.01,28.11,29.20,28.01,92362184
2013-02-05,28.25,28.64,28.96,28.04,47948192
2013-02-06,28.75,29.05,29.29,28.66,38375744
2013-02-07,29.11,28.65,29.15,28.27,34540016
2013-02-08,28.91,28.55,29.17,28.51,37708728
2013-02-11,28.57,28.26,28.68,28.04,37361744
2013-02-12,27.71,27.37,28.16,27.10,93495632
2013-02-13,27.35,27.91,28.32,27.31,50163960
2013-02-14,28.01,28.50,28.63,28.01,35618412
2013-02-15,28.52,28.32,28.75,28.09,33109104
2013-02-19,28.19,28.93,29.08,28.12,49411548
2013-02-20,28.89,28.46,29.05,28.33,42098120
2013-02-21,28.27,27.28,28.55,27.15,49647672
2013-02-22,27.63,27.13,27.63,26.82,36350148
2013-02-25,27.15,27.27,27.64,27.15,34651984
2013-02-26,27.38,27.39,27.46,26.70,31611642
2013-02-27,27.31,26.87,27.34,26.63,44319628
2013-02-28,26.84,27.25,27.30,26.34,83027720
2013-03-01,27.04,27.78,28.12,26.81,54064732
2013-03-04,27.76,27.72,28.06,27.44,32400644
2013-03-05,27.89,27.52,28.18,27.21,40622188
2013-03-06,28.10,27.45,28.13,27.35,33532526
2013-03-07,27.55,28.58,28.68,27.47,74540112
2013-03-08,28.43,27.96,28.47,27.73,44198840
2013-03-11,28.00,28.14,28.64,27.83,35642056
2013-03-12,28.10,27.83,28.32,27.60,27569590
2013-03-13,27.62,27.08,27.65,26.92,39619444
2013-03-14,27.10,27.04,27.43,26.83,27646380
2013-03-15,27.02,26.65,27.06,26.56,31597364
2013-03-18,26.37,26.49,26.79,25.78,26653640
2013-03-19,26.50,26.55,26.90,26.21,25254152
2013-03-20,26.67,25.86,26.69,25.78,44006432
2013-03-21,25.66,25.74,26.11,25.56,24336012
2013-03-22,25.80,25.73,26.01,25.63,18456268
2013-03-25,25.73,25.13,25.80,25.08,39198948
2013-03-26,25.05,25.21,25.48,25.03,26957136
2013-03-27,25.00,26.09,26.28,24.72,52297328
2013-03-28,26.09,25.58,26.17,25.52,28585612
2013-04-01,25.60,25.53,25.89,25.28,22249212
2013-04-02,25.78,25.42,26.12,25.30,35153292
2013-04-03,25.80,26.25,26.39,25.70,48195120
2013-04-04,26.64,27.07,27.23,26.11,82016744
2013-04-05,26.88,27.39,27.80,26.61,64566512
2013-04-08,27.19,26.85,27.20,26.63,27255982
2013-04-09,26.58,26.59,26.89,26.42,21311012
2013-04-10,27.00,27.57,27.84,26.90,45949360
2013-04-11,27.49,28.02,28.10,27.25,33368462
2013-04-12,28.00,27.40,28.00,27.24,28697400
2013-04-15,27.20,26.52,27.48,26.36,30275356
2013-04-16,26.81,26.92,27.11,26.40,27396392
2013-04-17,26.64,26.63,27.20,26.39,26440536
2013-04-18,26.82,25.69,26.82,25.15,39058904
2013-04-19,25.56,25.73,25.96,25.33,20380862
2013-04-22,25.81,25.97,26.36,25.70,25687548
2013-04-23,26.20,25.98,26.33,25.77,25191468
2013-04-24,25.92,26.11,26.40,25.80,19729808
2013-04-25,26.06,26.14,26.40,26.00,17149964
2013-04-26,26.61,26.85,27.62,26.60,33017958
2013-04-29,27.18,26.98,27.41,26.86,29201070
2013-04-30,27.13,27.77,27.85,27.01,36245632
2013-05-01,27.85,27.43,27.92,27.31,64567592
2013-05-02,28.00,28.97,29.02,27.98,104256920
2013-05-03,29.03,28.31,29.07,28.15,58506376
2013-05-06,28.33,27.57,28.46,27.48,43939308
2013-05-07,27.50,26.89,27.85,26.85,41259084
2013-05-08,26.88,27.12,27.30,26.65,34654852
2013-05-09,27.06,27.04,27.55,26.85,33457150
2013-05-10,27.19,26.68,27.30,26.57,30847022
2013-05-13,26.60,26.82,27.33,26.53,29068764
2013-05-14,26.87,27.07,27.28,26.82,24930208
2013-05-15,26.92,26.60,26.99,26.40,30299760
2013-05-16,26.40,26.13,26.55,25.90,35506976
2013-05-17,26.44,26.25,26.60,26.20,29462604
2013-05-20,26.15,25.76,26.19,25.69,42402872
2013-05-21,25.86,25.66,26.08,25.59,26261210
2013-05-22,25.64,25.16,25.85,24.92,45314476
2013-05-23,24.77,25.06,25.53,24.77,37697200
2013-05-24,24.95,24.31,24.97,24.08,58727880
2013-05-28,24.49,24.10,24.54,23.92,50079640
2013-05-29,23.79,23.32,23.81,23.26,64237704
2013-05-30,24.13,24.55,24.78,23.93,60733120
2013-05-31,24.66,24.35,24.95,24.27,35924916
2013-06-03,24.26,23.85,24.32,23.71,35733796
2013-06-04,23.90,23.52,23.93,23.32,34808996
2013-06-05,23.35,22.90,23.71,22.79,53819644
2013-06-06,22.99,22.97,23.09,22.67,31260660
2013-06-07,23.04,23.29,23.40,22.86,38699124
2013-06-10,24.04,24.33,24.60,23.99,58392984
2013-06-11,24.02,24.03,24.35,24.00,29885808
2013-06-12,24.16,23.77,24.26,23.58,26445790
2013-06-13,23.72,23.73,23.83,23.27,31189248
2013-06-14,23.56,23.63,23.89,23.26,30677066
2013-06-17,23.91,24.02,24.25,23.75,33664420
2013-06-18,24.09,24.21,24.69,24.08,36709004
2013-06-19,24.18,24.31,25.19,24.10,31790524
2013-06-20,24.28,23.90,24.75,23.65,42765584
2013-06-21,24.59,24.53,24.70,24.05,45833816
2013-06-24,23.94,23.94,24.11,23.38,40625948
2013-06-25,24.13,24.25,24.43,24.04,24719988
2013-06-26,24.48,24.16,24.65,23.99,29890204
2013-06-27,24.22,24.66,24.84,24.21,34694012
2013-06-28,24.68,24.88,24.98,24.42,96778880
2013-07-01,24.97,24.81,25.06,24.62,20582196
2013-07-02,24.70,24.41,24.77,24.30,18394008
2013-07-03,24.22,24.52,24.71,24.15,10404332
2013-07-05,24.60,24.37,24.66,24.20,20229452
2013-07-08,24.44,24.71,25.04,24.42,27073984
2013-07-09,25.08,25.48,25.49,25.03,30387888
2013-07-10,25.55,25.80,25.83,25.47,26721794
2013-07-11,25.98,25.81,26.00,25.45,26777354
2013-07-12,25.69,25.91,25.93,25.55,16537840
2013-07-15,25.92,26.28,26.43,25.65,24233956
2013-07-16,26.39,26.32,26.75,26.01,30817554
2013-07-17,26.37,26.65,26.78,26.30,21518464
2013-07-18,26.74,26.18,26.77,26.12,24806824
2013-07-19,25.84,25.88,26.11,25.60,46544936
2013-07-22,25.99,26.05,26.13,25.72,27526212
2013-07-23,26.10,26.13,26.30,25.97,28221534
2013-07-24,26.30,26.51,26.53,26.05,82635584
2013-07-25,33.51,34.36,34.88,32.75,365935200
2013-07-26,33.75,34.01,34.73,33.56,136028896
2013-07-29,34.01,35.43,35.63,34.01,124884872
2013-07-30,35.65,37.63,37.96,35.32,173582704
2013-07-31,37.98,36.80,38.31,36.33,154828672
2013-08-01,37.29,37.49,38.29,36.92,106066472
2013-08-02,37.68,38.05,38.49,37.50,73058424
2013-08-05,38.40,39.19,39.32,38.25,79994776
2013-08-06,39.10,38.55,39.25,37.94,63950792
2013-08-07,38.60,38.87,38.94,37.70,68854768
2013-08-08,39.15,38.54,39.19,38.43,41300904
2013-08-09,38.58,38.50,38.74,38.01,43620024
2013-08-12,38.20,38.22,38.50,38.10,31160952
2013-08-13,38.23,37.02,38.32,36.77,65379200
2013-08-14,36.83,36.65,37.55,36.62,48423888
2013-08-15,36.36,36.56,37.07,36.02,56521096
2013-08-16,36.98,37.08,37.49,36.90,45840712
2013-08-19,37.40,37.81,38.28,37.14,57609592
2013-08-20,38.36,38.41,38.58,37.69,57995140
2013-08-21,38.38,38.32,38.85,38.15,46116868
2013-08-22,38.34,38.55,38.75,38.34,21931164
2013-08-23,39.00,40.55,40.63,38.93,86442280
2013-08-26,40.89,41.34,41.94,40.62,94162360
2013-08-27,40.65,39.64,41.20,39.42,72695048
2013-08-28,39.97,40.55,40.85,39.88,57918192
2013-08-29,40.90,41.28,41.78,40.80,58303396
2013-08-30,42.00,41.29,42.26,41.06,67735056
2013-09-03,41.87,41.87,42.17,41.51,48774896
2013-09-04,42.00,41.78,42.17,41.44,42581856
2013-09-05,41.79,42.66,42.77,41.77,50035380
2013-09-06,43.06,43.95,44.61,42.40,117535624
2013-09-09,44.36,44.04,44.79,43.70,75794696
2013-09-10,44.25,43.60,44.26,43.23,54540280
2013-09-11,43.38,45.04,45.09,43.11,72328248
2013-09-12,45.54,44.75,45.62,44.65,68072240
2013-09-13,45.04,44.31,45.08,43.93,52765300
2013-09-16,44.86,42.51,44.94,42.43,70807760
2013-09-17,42.50,45.07,45.44,42.43,91934560
2013-09-18,44.80,45.23,45.47,44.40,79316944
2013-09-19,45.50,45.98,46.05,45.23,63972368
2013-09-20,46.29,47.49,47.60,45.74,115508400
2013-09-23,47.25,47.19,47.55,46.29,75319200
2013-09-24,48.51,48.45,49.66,48.16,136716096
2013-09-25,49.23,49.46,49.54,48.46,87879616
2013-09-26,50.00,50.39,50.60,49.50,98220048
2013-09-27,50.30,51.24,51.28,49.86,81410464
2013-09-30,50.11,50.23,51.60,49.80,100095416
2013-10-01,49.95,50.42,51.03,49.45,98113696
2013-10-02,50.10,50.28,51.10,49.95,62834428
2013-10-03,50.45,49.18,50.72,49.06,82045320
2013-10-04,49.75,51.04,51.16,49.57,74446944
2013-10-07,50.74,50.52,51.29,50.40,57203956
2013-10-08,50.59,47.14,50.60,47.08,136081328
2013-10-09,47.39,46.77,47.84,45.26,147296864
2013-10-10,47.93,49.05,49.68,47.83,99773784
2013-10-11,49.18,49.11,49.87,48.79,58428452
2013-10-14,48.30,49.51,49.63,47.91,68780552
2013-10-15,50.00,49.50,51.00,49.18,81166568
2013-10-16,50.01,51.13,51.24,49.90,64678248
2013-10-17,51.12,52.21,52.22,50.95,71521896
2013-10-18,54.21,54.22,54.83,53.60,88260096
2013-10-21,54.68,53.85,54.81,53.51,58235284
2013-10-22,54.33,52.68,54.76,52.20,83203888
2013-10-23,51.75,51.90,52.25,51.13,57207152
2013-10-24,52.38,52.45,52.84,51.59,46775184
2013-10-25,53.24,51.95,53.24,51.88,45085348
2013-10-28,51.54,50.23,51.70,49.61,73472344
2013-10-29,50.74,49.40,50.79,49.25,102143472
2013-10-30,50.00,49.01,50.21,48.75,127072656
2013-10-31,47.25,50.21,52.00,46.50,248809008
2013-11-01,50.85,49.75,52.09,49.72,95032880
2013-11-04,49.37,48.22,49.75,48.02,80371216
2013-11-05,47.77,50.11,50.18,47.51,76835008
2013-11-06,50.26,49.12,50.45,48.71,67889336
2013-11-07,49.28,47.56,49.87,47.30,97127616
2013-11-08,47.81,47.53,48.65,47.25,70731176
2013-11-11,47.00,46.20,47.53,45.73,80909624
2013-11-12,46.00,46.61,47.37,45.83,68195832
2013-11-13,46.21,48.71,48.74,46.06,79245344
2013-11-14,48.70,48.99,49.57,48.03,75117048
2013-11-15,49.06,49.01,49.48,48.71,42452936
2013-11-18,48.46,45.83,48.84,45.80,85909888
2013-11-19,46.24,46.36,47.00,45.72,75602416
2013-11-20,46.60,46.43,47.55,46.31,53932696
2013-11-21,47.00,46.70,47.46,46.69,34886168
2013-11-22,47.03,46.23,47.27,45.96,40545376
2013-11-25,46.30,44.82,46.65,44.04,82565328
2013-11-26,44.59,45.89,46.17,43.55,82016488
2013-11-27,45.97,46.49,46.67,45.53,44993196
2013-11-29,46.75,47.01,47.21,46.50,22953916
2013-12-02,46.89,47.06,47.54,46.26,50773648
2013-12-03,46.78,46.73,47.20,46.29,32085904
2013-12-04,46.40,48.62,48.77,46.26,60890176
2013-12-05,48.19,48.34,48.70,47.87,43855036
2013-12-06,48.98,47.94,49.39,47.71,42937660
2013-12-09,48.06,48.84,48.97,47.74,36055892
2013-12-10,48.59,50.25,50.77,48.54,68478560
2013-12-11,50.55,49.38,50.77,49.01,65776368
2013-12-12,51.03,51.83,52.07,50.66,92723032
2013-12-13,51.63,53.32,53.50,51.34,82640992
2013-12-16,53.25,53.81,54.50,52.91,85118520
2013-12-17,54.76,54.86,55.18,54.24,78751464
2013-12-18,54.86,55.57,55.89,53.75,76003480
2013-12-19,54.30,55.05,55.19,53.95,89825392
2013-12-20,54.93,55.12,55.15,54.23,239823904
2013-12-23,55.50,57.77,58.32,55.45,98296984
2013-12-24,58.27,57.96,58.58,56.91,46617752
2013-12-26,58.32,57.73,58.38,57.37,55101368
2013-12-27,57.43,55.44,57.68,55.25,60465752
2013-12-30,54.90,53.71,55.18,53.43,68307320
2013-12-31,54.07,54.65,54.86,53.91,43152128
2014-01-02,54.86,54.71,55.22,54.19,43257622
2014-01-03,55.00,54.56,55.65,54.53,38287706
2014-01-06,54.39,57.20,57.26,54.05,68974359
2014-01-07,57.67,57.92,58.55,57.22,77329009
2014-01-08,57.59,58.23,58.41,57.23,56800776
2014-01-09,58.66,57.22,58.96,56.65,92349222
2014-01-10,57.13,57.94,58.30,57.06,42529258
2014-01-13,57.89,55.91,58.25,55.38,63106519
2014-01-14,56.48,57.74,57.78,56.10,37590987
2014-01-15,58.00,57.60,58.57,57.27,33730619
2014-01-16,57.30,57.19,58.02,56.83,34599775
2014-01-17,57.25,56.30,57.82,56.07,40883205
2014-01-21,56.60,58.51,58.58,56.50,48734147
2014-01-22,58.80,57.51,59.31,57.10,61495880
2014-01-23,56.37,56.63,56.68,55.69,47996403
2014-01-24,56.11,54.45,56.42,54.40,55545338
2014-01-27,54.69,53.55,54.94,51.85,74142331
2014-01-28,54.13,55.14,55.28,54.00,48364998
2014-01-29,54.60,53.53,54.95,53.19,98089932
2014-01-30,62.10,61.08,62.50,60.46,150438699
2014-01-31,60.25,62.57,63.37,60.17,87930298
2014-02-03,63.17,61.48,63.77,60.70,75105994
2014-02-04,62.00,62.75,63.14,61.82,46064897
2014-02-05,62.72,62.19,63.16,61.27,53032420
2014-02-06,61.52,62.16,62.78,61.46,42153754
2014-02-07,62.22,64.32,64.57,62.22,60835746
2014-02-10,64.28,63.55,64.49,63.47,43736562
2014-02-11,63.76,64.85,65.00,63.35,45746832
2014-02-12,64.89,64.45,65.06,64.05,47409857
2014-02-13,64.15,67.33,67.33,64.05,62013396
2014-02-14,67.51,67.09,67.58,66.72,36786427
2014-02-18,66.92,67.30,67.54,66.07,43862297
2014-02-19,67.05,68.06,69.08,67.00,64258631
2014-02-20,67.73,69.63,70.11,65.73,131043748
2014-02-21,69.63,68.59,69.96,68.45,70991892
2014-02-24,68.75,70.78,71.44,68.54,76951946
2014-02-25,70.97,69.85,71.00,69.45,52189031
2014-02-26,70.20,69.26,71.22,68.85,55400399
2014-02-27,69.36,68.94,70.01,68.87,41695855
2014-02-28,69.58,68.46,69.88,67.38,66900863
2014-03-03,66.88,67.41,68.05,66.51,56900444
2014-03-04,68.67,68.80,68.90,67.62,42164222
2014-03-05,69.70,71.57,71.97,69.62,74649486
2014-03-06,71.85,70.84,71.89,70.25,46126260
2014-03-07,71.08,69.80,71.18,69.47,38985763
2014-03-10,70.75,72.03,72.15,70.51,59949746
2014-03-11,72.49,70.10,72.59,69.96,59615238
2014-03-12,69.82,70.88,71.35,69.00,46400431
2014-03-13,71.29,68.83,71.35,68.15,57091157
2014-03-14,68.48,67.72,69.43,67.46,48226824
2014-03-17,68.14,68.74,68.95,66.62,52196699
2014-03-18,68.75,69.19,69.60,68.30,40827226
2014-03-19,69.13,68.24,69.29,67.47,43980558
2014-03-20,68.07,66.97,68.23,66.82,44438500
2014-03-21,67.64,67.24,67.92,66.18,60041228
2014-03-24,67.17,64.10,67.36,63.36,85695872
2014-03-25,64.91,64.89,66.19,63.78,68785500
2014-03-26,64.77,60.39,64.95,60.37,97689774
2014-03-27,60.49,60.97,61.90,57.98,112649694
2014-03-28,61.34,60.01,61.95,59.34,67051528
2014-03-31,60.78,60.24,61.52,59.87,53011205
2014-04-01,60.49,62.62,62.66,60.24,59291210
2014-04-02,63.24,62.72,63.91,62.21,66276613
2014-04-03,62.53,59.49,63.17,59.13,83859330
2014-04-04,59.97,56.75,60.20,56.32,125465774
2014-04-07,55.87,56.95,58.00,55.44,108487569
2014-04-08,57.64,58.19,58.71,57.17,78835935
2014-04-09,59.59,62.41,62.46,59.19,100215307
2014-04-10,63.09,59.16,63.18,58.68,114987616
2014-04-11,57.64,58.53,60.31,57.31,91451960
2014-04-14,60.15,58.89,60.45,57.78,72324603
2014-04-15,59.29,59.09,59.68,55.88,108622706
2014-04-16,59.81,59.72,60.19,57.74,78773521
2014-04-17,59.27,58.94,60.58,58.72,88040346
2014-04-21,59.47,61.24,61.24,59.15,60363619
2014-04-22,62.75,63.03,63.44,62.22,60631312
2014-04-23,63.43,61.36,63.48,61.26,96564750
2014-04-24,63.59,60.87,63.65,59.77,138769345
2014-04-25,59.98,57.71,60.01,57.57,92501529
2014-04-28,58.09,56.14,58.31,54.66,107757756
2014-04-29,56.08,58.15,58.28,55.84,75557202
2014-04-30,57.56,59.78,59.85,57.16,76093004
2014-05-01,60.42,61.15,62.28,60.21,82428606
2014-05-02,61.39,60.46,61.89,60.18,54189197
2014-05-05,59.71,61.22,61.35,59.18,46057411
2014-05-06,60.98,58.53,61.15,58.49,55900809
2014-05-07,58.75,57.39,59.30,56.26,78587247
2014-05-08,57.26,56.76,58.82,56.50,61251053
2014-05-09,56.83,57.24,57.65,56.38,52583858
2014-05-12,58.07,59.83,59.90,57.98,48575487
2014-05-13,59.65,59.83,60.89,59.51,48525476
2014-05-14,59.49,59.23,60.45,58.95,47428583
2014-05-15,59.23,57.92,59.38,57.52,56813940
2014-05-16,58.31,58.02,58.45,57.31,47933075
2014-05-19,57.84,59.21,59.56,57.57,43033925
2014-05-20,59.48,58.56,60.19,58.18,53931469
2014-05-21,58.56,60.49,60.50,58.25,58991505
2014-05-22,60.91,60.52,61.48,60.40,54200116
2014-05-23,60.43,61.35,61.45,60.15,38293993
2014-05-27,61.57,63.48,63.51,61.57,55681663
2014-05-28,63.38,63.51,64.14,62.62,47795088
2014-05-29,63.86,63.83,64.30,63.51,42699670
2014-05-30,63.95,63.30,64.17,62.56,45283577
2014-06-02,63.22,63.08,63.59,62.05,35995537
2014-06-03,62.59,62.87,63.42,62.32,32216707
2014-06-04,62.43,63.34,63.59,62.07,36513991
2014-06-05,63.61,63.19,64.36,62.82,47352368
2014-06-06,63.38,62.50,63.48,62.15,42442096
2014-06-09,62.39,62.88,63.34,61.79,37617413
2014-06-10,63.53,65.77,65.82,63.50,69338140
2014-06-11,65.32,65.78,65.80,64.90,44241926
2014-06-12,65.83,64.29,66.47,64.06,55729828
2014-06-13,64.64,64.50,64.97,63.83,29418910
2014-06-16,64.17,64.19,64.88,63.75,31045811
2014-06-17,64.10,64.40,64.88,63.93,27714816
2014-06-18,64.49,65.60,65.75,64.05,35570154
2014-06-19,65.46,64.34,65.58,64.21,34245182
2014-06-20,64.46,64.50,64.81,63.35,46466073
2014-06-23,64.30,65.37,65.66,64.22,34560121
2014-06-24,65.36,65.72,67.17,65.27,57334867
2014-06-25,65.58,67.44,67.48,65.57,44308249
2014-06-26,67.98,67.13,68.00,66.90,47713944
2014-06-27,67.28,67.60,67.70,66.84,46460627
2014-06-30,67.45,67.29,67.92,67.13,27201749
2014-07-01,67.58,68.06,68.44,67.39,33243166
2014-07-02,68.05,66.45,68.30,65.79,41895220
2014-07-03,66.86,66.29,67.00,65.76,25203215
2014-07-07,66.28,65.29,66.57,65.12,28745099
2014-07-08,65.06,62.76,65.56,62.21,68926036
2014-07-09,63.39,64.97,65.12,63.15,51431582
2014-07-10,63.33,64.87,65.34,63.05,44421915
2014-07-11,65.24,66.34,66.59,64.79,39212022
2014-07-14,67.12,67.90,68.17,66.90,38536924
2014-07-15,67.96,67.17,68.09,66.26,44292944
2014-07-16,67.53,67.66,67.94,67.07,29593589
2014-07-17,67.04,66.41,67.85,66.04,38188432
2014-07-18,66.86,68.42,68.46,66.16,42455649
2014-07-21,68.84,69.40,69.96,68.50,49539121
2014-07-22,69.74,69.27,69.77,68.61,40397693
2014-07-23,69.76,71.29,71.33,69.61,78434716
2014-07-24,75.94,74.98,76.74,74.51,124167936
2014-07-25,75.00,75.19,75.67,74.66,45917435
2014-07-28,75.19,74.92,75.50,73.85,41725249
2014-07-29,74.71,73.71,74.92,73.42,41324470
2014-07-30,74.13,74.68,75.19,74.13,36853018
2014-07-31,73.98,72.65,74.17,72.44,43991772
2014-08-01,72.28,72.36,73.22,71.55,43535314
2014-08-04,72.42,73.51,73.88,72.36,30776819
2014-08-05,73.21,72.69,73.59,72.18,34986147
2014-08-06,72.04,72.47,73.72,71.79,30985533
2014-08-07,72.95,73.17,74.00,72.70,38140550
2014-08-08,73.27,73.06,73.43,72.56,27202325
2014-08-11,73.46,73.44,73.91,73.06,24591177
2014-08-12,73.11,72.83,73.33,72.22,27418983
2014-08-13,73.10,73.77,74.25,73.05,29265662
2014-08-14,73.96,74.30,74.38,73.69,22207019
2014-08-15,74.51,73.63,74.65,73.00,38909161
2014-08-18,74.00,74.59,74.72,73.96,23973658
2014-08-19,74.83,75.29,75.58,74.77,26678640
2014-08-20,74.96,74.81,75.18,74.62,22916678
2014-08-21,74.91,74.57,75.19,74.41,20101979
2014-08-22,74.47,74.57,74.73,73.57,20897393
2014-08-25,74.97,75.02,75.28,74.79,19734103
2014-08-26,75.00,75.96,75.99,74.73,23992668
2014-08-27,75.28,74.63,75.49,74.46,36323060
2014-08-28,74.05,73.86,74.43,73.73,21946738
2014-08-29,74.31,74.82,74.82,74.01,26241162
2014-09-02,75.01,76.68,76.70,74.82,34979438
2014-09-03,77.12,75.83,77.48,75.60,32389102
2014-09-04,75.90,75.95,76.93,75.53,26676444
2014-09-05,76.12,77.26,77.38,75.60,29475854
2014-09-08,77.27,77.89,78.17,77.01,28183156
2014-09-09,77.56,76.67,78.17,76.20,28881803
2014-09-10,76.52,77.43,77.95,76.51,29908606
2014-09-11,77.06,77.92,78.36,77.05,32247724
2014-09-12,77.99,77.48,78.30,77.10,26744356
2014-09-15,77.15,74.58,77.25,73.43,49679130
2014-09-16,73.52,76.08,76.23,73.07,37742482
2014-09-17,75.97,76.43,77.25,75.57,28693348
2014-09-18,76.77,77.00,77.33,76.52,23030936
2014-09-19,77.40,77.91,78.30,76.44,76671330
2014-09-22,77.00,76.80,77.53,75.95,31961015
2014-09-23,76.33,78.29,78.63,76.04,36814111
2014-09-24,78.10,78.54,78.62,77.51,30679642
2014-09-25,78.60,77.22,78.94,77.13,37532580
2014-09-26,77.59,78.79,78.84,77.33,28872012
2014-09-29,78.12,79.00,79.20,77.91,34030635
2014-09-30,79.35,79.04,79.71,78.60,35899444
2014-10-01,78.78,76.55,78.82,75.90,55090157
2014-10-02,76.57,77.08,77.48,75.64,36487612
2014-10-03,77.76,77.44,78.06,77.26,23340173
2014-10-06,77.19,77.56,77.89,76.85,25729191
2014-10-07,77.05,76.29,77.95,76.24,25317488
2014-10-08,76.18,77.52,77.71,75.10,32975514
2014-10-09,77.28,75.91,77.76,75.85,32487174
2014-10-10,75.59,72.91,76.50,72.76,52146162
2014-10-13,73.23,72.99,74.78,72.52,43937638
2014-10-14,74.00,73.59,74.18,72.05,50299288
2014-10-15,71.69,73.21,73.80,70.32,61528317
2014-10-16,70.79,72.63,73.35,70.58,53529459
2014-10-17,74.23,75.95,76.00,73.75,76341638
2014-10-20,75.61,76.95,77.09,75.38,34701260
2014-10-21,77.56,78.69,78.74,77.15,32252403
2014-10-22,78.82,78.37,79.85,78.01,41862393
2014-10-23,79.38,80.04,80.63,79.01,35055800
2014-10-24,80.20,80.67,80.82,79.32,32247520
2014-10-27,80.74,80.28,80.80,79.76,30168921
2014-10-28,80.18,80.77,81.16,79.57,74211768
2014-10-29,75.45,75.86,76.88,74.78,106119520
2014-10-30,75.05,74.11,75.35,72.90,83269554
2014-10-31,74.93,74.99,75.70,74.45,44544325
2014-11-03,75.47,73.88,75.52,73.70,40727330
2014-11-04,74.23,75.76,75.77,73.65,39326471
2014-11-05,76.51,74.83,76.80,74.42,35912588
2014-11-06,74.89,75.26,75.60,74.31,21383194
2014-11-07,75.39,75.60,75.86,75.02,20774381
2014-11-10,75.36,75.00,75.48,74.61,21575126
2014-11-11,74.95,74.61,74.98,74.03,18735123
2014-11-12,74.28,74.72,75.14,73.54,26536609
2014-11-13,74.74,74.25,75.24,73.64,26448451
2014-11-14,74.27,74.88,74.93,74.04,19476878
2014-11-17,74.88,74.24,75.66,73.88,28701191
2014-11-18,74.45,74.34,74.80,73.90,20696643
2014-11-19,74.01,73.33,74.54,73.11,25441163
2014-11-20,72.80,73.60,73.99,72.51,19154862
2014-11-21,74.43,73.75,74.50,73.50,23060382
2014-11-24,73.54,74.01,74.35,73.35,22103831
2014-11-25,74.21,75.63,75.74,74.13,32250205
2014-11-26,75.53,77.62,77.78,75.51,32721585
2014-11-28,77.67,77.70,78.27,77.23,15992040
2014-12-01,77.26,75.10,77.31,74.80,31789866
2014-12-02,75.33,75.46,75.91,75.04,16773884
2014-12-03,75.39,74.88,75.73,74.40,16689857
2014-12-04,74.83,75.24,75.55,74.66,14390520
2014-12-05,75.80,76.36,76.76,75.36,24306446
2014-12-08,76.18,76.52,77.25,75.40,25733853
2014-12-09,75.20,76.84,76.93,74.78,25358584
2014-12-10,76.65,76.18,77.55,76.07,32210532
2014-12-11,76.52,77.73,78.52,76.48,33492661
2014-12-12,77.16,77.83,78.88,77.02,28091617
2014-12-15,78.46,76.99,78.58,76.56,29396532
2014-12-16,76.19,74.69,77.39,74.59,31554593
2014-12-17,75.01,76.11,76.41,74.90,29203904
2014-12-18,76.89,78.40,78.40,76.51,34222081
2014-12-19,78.75,79.88,80.00,78.33,43334992
2014-12-22,80.08,81.45,81.89,80.00,31395770
2014-12-23,82.02,80.61,82.17,80.40,19865820
2014-12-24,81.03,80.77,81.43,80.75,7685481
2014-12-26,81.02,80.78,81.28,80.51,10647388
2014-12-29,80.49,80.02,80.96,79.71,14134666
2014-12-30,79.85,79.22,80.59,79.10,14370763
2014-12-31,79.54,78.02,79.80,77.86,20040439
2015-01-02,78.58,78.45,78.93,77.70,18177475
2015-01-05,77.98,77.19,79.25,76.86,26452191
2015-01-06,77.23,76.15,77.59,75.36,27399288
2015-01-07,76.76,76.15,77.36,75.82,22045333
2015-01-08,76.74,78.18,78.23,76.08,23960953
2015-01-09,78.20,77.74,78.62,77.20,21157007
2015-01-12,77.84,76.72,78.00,76.21,19190194
2015-01-13,77.23,76.45,78.08,75.85,25179561
2015-01-14,76.42,76.28,77.20,76.03,25918564
2015-01-15,76.40,74.05,76.57,73.54,34133974
2015-01-16,74.04,75.18,75.32,73.84,21791529
2015-01-20,75.72,76.24,76.31,74.82,22821614
2015-01-21,76.16,76.74,77.30,75.85,25096737
2015-01-22,77.17,77.65,77.75,76.68,19519458
2015-01-23,77.65,77.83,78.19,77.04,16746503
2015-01-26,77.98,77.50,78.47,77.29,19260820
2015-01-27,76.71,75.78,76.88,75.63,20109977
2015-01-28,76.91,76.24,77.64,76.00,53306422
2015-01-29,76.85,78.00,78.02,74.21,61293468
2015-01-30,78.00,75.91,78.16,75.75,42649491
2015-02-02,76.11,74.99,76.14,73.75,41955258
2015-02-03,75.19,75.40,75.58,73.86,26957714
2015-02-04,75.09,75.63,76.35,75.01,20277368
2015-02-05,75.75,75.61,75.98,75.21,15062573
2015-02-06,75.68,74.47,75.70,74.25,21210994
2015-02-09,74.05,74.44,74.83,73.45,16194322
2015-02-10,74.85,75.19,75.34,74.50,15811344
2015-02-11,75.09,76.51,76.75,75.03,20877427
2015-02-12,76.86,76.23,76.87,75.89,17234976
2015-02-13,76.46,75.74,76.48,75.50,18621860
2015-02-17,76.03,75.60,76.91,75.08,25254400
2015-02-18,75.94,76.71,76.90,75.45,22426421
2015-02-19,76.99,79.42,79.84,76.95,45851177
2015-02-20,79.55,79.90,80.34,79.20,36931698
2015-02-23,79.96,78.84,80.19,78.38,24139056
2015-02-24,78.50,78.45,79.48,78.10,18897133
2015-02-25,78.50,79.56,80.20,78.50,25593800
2015-02-26,79.88,80.41,81.37,79.72,31111891
2015-02-27,80.68,78.97,81.23,78.62,30739197
2015-03-02,79.07,79.75,79.86,78.52,21662537
2015-03-03,79.61,79.60,79.70,78.52,18634973
2015-03-04,79.30,80.90,81.15,78.85,28126686
2015-03-05,81.23,81.21,81.99,81.05,27825733
2015-03-06,80.90,80.01,81.33,79.83,24488581
2015-03-09,79.68,79.44,79.91,78.63,18925097
2015-03-10,78.50,77.55,79.26,77.55,23067057
2015-03-11,77.80,77.57,78.43,77.26,20215704
2015-03-12,78.10,78.93,79.05,77.91,16093319
2015-03-13,78.60,78.05,79.38,77.68,18557296
2015-03-16,77.96,78.07,78.12,77.36,19305406
2015-03-17,78.36,79.36,79.78,78.34,22169969
2015-03-18,79.25,80.91,81.24,79.17,36912446
2015-03-19,81.12,82.75,83.00,81.00,42099523
2015-03-20,83.39,83.80,84.60,83.07,44466323
2015-03-23,83.92,84.43,84.96,83.30,27357333
2015-03-24,84.71,85.31,86.07,84.52,32576522
2015-03-25,85.50,82.92,85.52,82.92,37436147
2015-03-26,82.72,83.01,83.77,82.14,32794800
2015-03-27,83.38,83.30,83.95,82.88,18372582
2015-03-30,83.95,83.20,84.34,82.41,24527686
2015-03-31,82.90,82.22,83.50,82.21,19734277
2015-04-01,82.50,81.67,82.72,80.87,22058167
2015-04-02,82.25,81.56,82.56,81.44,19664053
2015-04-06,80.80,82.44,82.81,80.80,19062934
2015-04-07,82.65,82.32,83.42,82.22,17467042
2015-04-08,82.63,82.28,83.10,81.84,18966732
2015-04-09,82.50,82.17,82.80,81.71,15927281
2015-04-10,82.21,82.04,82.61,81.91,12529738
2015-04-13,81.93,83.01,83.94,81.92,26883094
2015-04-14,83.17,83.52,83.69,82.44,19634173
2015-04-15,83.55,82.71,83.66,82.27,22390943
2015-04-16,82.47,82.31,83.07,82.15,13769687
2015-04-17,81.48,80.78,82.11,80.37,24214983
2015-04-20,81.54,83.09,83.15,81.24,28796761
2015-04-21,84.00,83.62,84.49,83.54,27171852
2015-04-22,84.32,84.63,84.74,83.65,45547963
2015-04-23,84.10,82.41,85.59,82.41,73728080
2015-04-24,82.77,81.53,82.94,81.48,29660356
2015-04-27,81.87,81.91,82.93,81.63,25446032
2015-04-28,81.83,80.68,81.90,80.23,23775344
2015-04-29,80.01,80.47,81.39,79.52,26430258
2015-04-30,80.01,78.77,80.96,78.32,28999005
2015-05-01,79.24,78.99,79.76,78.11,24136358
2015-05-04,79.33,78.81,79.69,78.63,14691991
2015-05-05,78.55,77.56,78.80,77.22,22311318
2015-05-06,77.97,78.10,78.81,77.05,28663026
2015-05-07,78.00,78.43,78.94,77.56,19749428
2015-05-08,79.10,78.51,79.23,78.03,19943595
2015-05-11,78.48,78.01,79.03,77.93,18874054
2015-05-12,77.87,77.46,77.89,76.79,21285310
2015-05-13,77.72,78.44,78.53,77.65,21512309
2015-05-14,78.94,81.37,81.85,78.67,49437996
2015-05-15,81.42,80.42,81.52,80.18,27069884
2015-05-18,80.33,80.88,81.38,80.23,21613674
2015-05-19,81.25,80.63,81.69,80.55,17955389
2015-05-20,80.49,80.55,81.10,79.46,23056899
2015-05-21,80.19,80.48,80.92,80.08,13402749
2015-05-22,80.35,80.54,81.31,80.25,19567937
2015-05-26,80.43,79.33,80.60,79.08,16321339
2015-05-27,79.60,80.55,80.66,79.43,14160865
2015-05-28,80.25,80.15,81.07,80.00,11982008
2015-05-29,79.95,79.19,80.07,78.88,16134580
2015-06-01,79.30,80.29,80.38,78.66,18119012
2015-06-02,79.76,80.44,81.35,79.56,18923300
2015-06-03,81.35,82.44,82.53,81.25,31774993
2015-06-04,82.14,82.05,82.95,81.51,20863877
2015-06-05,81.87,82.14,82.46,81.51,16143093
2015-06-08,81.85,80.67,82.00,80.13,16915471
2015-06-09,80.60,80.67,81.19,79.32,16497538
2015-06-10,80.83,82.16,82.60,80.81,21531208
2015-06-11,82.31,81.83,82.90,81.36,18656811
2015-06-12,81.36,81.53,82.09,81.20,11417882
2015-06-15,80.55,80.71,80.93,80.07,18805087
2015-06-16,80.82,81.06,81.51,80.45,13693666
2015-06-17,81.76,81.79,82.22,81.34,18350287
2015-06-18,81.64,82.91,83.19,81.57,26782573
2015-06-19,82.88,82.51,82.98,82.12,23353194
2015-06-22,83.41,84.74,84.97,83.31,29383079
2015-06-23,84.96,87.88,87.97,84.76,50667853
2015-06-24,87.66,88.86,89.25,87.45,41370227
2015-06-25,89.26,87.98,89.40,87.84,27301967
2015-06-26,88.12,88.01,88.34,86.83,38214647
2015-06-29,86.61,85.80,87.50,85.73,35957872
2015-06-30,86.60,85.77,86.70,85.57,23233183
2015-07-01,86.79,86.91,87.95,86.49,25260045
2015-07-02,87.40,87.29,87.44,86.34,16908781
2015-07-06,86.49,87.55,88.18,86.39,24635915
2015-07-07,87.80,87.22,87.85,85.23,33059921
2015-07-08,86.29,85.65,86.75,85.45,24399340
2015-07-09,86.73,85.88,87.60,85.65,23307402
2015-07-10,87.35,87.95,88.22,86.77,23245873
2015-07-13,88.66,90.10,90.22,88.42,29976670
2015-07-14,90.46,89.68,90.80,89.65,26627849
2015-07-15,90.00,89.76,90.99,89.42,30886601
2015-07-16,90.28,90.85,90.86,89.77,21804086
2015-07-17,92.55,94.97,95.39,92.54,54001635
2015-07-20,95.85,97.91,98.60,95.36,54860541
2015-07-21,98.95,98.39,99.24,97.14,39453332
2015-07-22,96.74,97.04,97.58,95.92,28299518
2015-07-23,96.96,95.44,97.45,94.81,29418833
2015-07-24,97.35,96.95,97.76,95.88,33444930
2015-07-27,96.58,94.17,96.61,93.83,38585381
2015-07-28,94.84,95.29,95.56,93.31,35235993
2015-07-29,96.32,96.99,97.28,94.74,64648320
2015-07-30,94.91,95.21,95.81,91.80,86211323
2015-07-31,94.95,94.01,96.33,93.95,46509045
2015-08-03,93.53,94.14,95.08,92.80,29343117
2015-08-04,93.79,94.06,94.73,93.33,20136036
2015-08-05,95.25,96.44,97.09,95.18,29813174
2015-08-06,97.18,95.12,98.74,94.42,42271318
2015-08-07,95.38,94.30,95.40,93.61,23199145
2015-08-10,95.68,94.15,95.90,93.63,21624153
2015-08-11,93.73,93.62,94.76,92.90,22491031
2015-08-12,92.70,94.19,94.44,91.19,27120375
2015-08-13,94.05,93.43,94.73,93.35,17451768
2015-08-14,93.54,94.42,94.72,93.21,15929656
2015-08-17,94.42,93.93,94.46,93.39,18313531
2015-08-18,94.08,95.17,95.85,94.04,22278848
2015-08-19,94.63,95.31,96.10,94.16,23251271
2015-08-20,93.54,90.56,94.77,90.46,44598224
2015-08-21,87.52,86.06,89.18,85.61,62778680
2015-08-24,77.03,82.09,87.14,72.00,83710727
2015-08-25,86.95,83.00,87.67,83.00,52021230
2015-08-26,85.95,87.19,87.46,83.26,45124302
2015-08-27,89.10,89.73,90.06,87.19,42431375
2015-08-28,89.88,91.01,91.48,89.79,33215885
2015-08-31,90.60,89.43,91.05,88.89,32850666
2015-09-01,86.85,87.23,89.39,86.50,36097370
2015-09-02,88.81,89.89,89.89,87.63,27190527
2015-09-03,89.76,88.15,89.82,87.73,27048198
2015-09-04,87.20,88.26,88.39,86.70,27328667
2015-09-08,89.69,89.53,90.24,88.83,27012543
2015-09-09,90.78,90.44,91.98,90.17,32551123
2015-09-10,90.07,91.98,92.06,89.63,26437398
2015-09-11,91.68,92.05,92.08,91.13,21185049
2015-09-14,92.31,92.31,92.62,91.60,20127871
2015-09-15,92.37,92.90,93.25,91.79,18859351
2015-09-16,92.90,93.45,93.60,92.63,16321193
2015-09-17,93.37,94.34,95.51,92.90,27841803
2015-09-18,93.20,94.40,95.19,93.05,62299984
2015-09-21,94.62,95.55,96.49,94.52,28789973
2015-09-22,93.77,92.96,94.68,91.92,36888893
2015-09-23,93.40,93.97,94.32,92.80,21701427
2015-09-24,93.06,94.41,94.77,92.24,29105964
2015-09-25,95.79,92.77,95.85,92.06,28961622
2015-09-28,92.08,89.21,92.29,88.18,41199870
2015-09-29,89.10,86.67,90.06,85.72,42281838
2015-09-30,88.44,89.90,90.02,88.01,36169146
2015-10-01,90.05,90.95,90.95,88.36,29283652
2015-10-02,88.90,92.07,92.20,88.37,37881652
2015-10-05,92.94,94.01,94.27,92.66,27292517
2015-10-06,94.08,92.80,94.17,92.34,22488275
2015-10-07,93.11,92.40,93.66,91.37,24129277
2015-10-08,91.89,92.47,93.22,90.47,27290523
2015-10-09,92.90,93.24,93.74,92.24,20012911
2015-10-12,93.32,94.26,94.60,92.67,18449562
2015-10-13,93.66,94.12,95.37,93.55,19480347
2015-10-14,94.08,94.07,95.20,93.61,19253351
2015-10-15,94.99,95.96,96.30,94.90,27557516
2015-10-16,96.18,97.54,97.59,95.35,25412856
2015-10-19,97.18,98.47,98.57,96.92,23729924
2015-10-20,98.73,97.00,99.59,96.56,30881777
2015-10-21,97.37,97.11,98.18,96.47,22003730
2015-10-22,97.79,99.67,99.73,97.55,26392075
2015-10-23,101.91,102.19,102.85,100.16,42809661
2015-10-26,102.20,103.77,103.81,101.55,25961212
2015-10-27,102.94,103.70,104.10,102.40,23795472
2015-10-28,103.90,104.20,104.48,102.92,24081515
2015-10-29,103.96,104.88,105.12,103.52,20316691
2015-10-30,104.51,101.97,104.72,101.65,33487104
2015-11-02,102.46,103.31,103.47,101.18,24003944
2015-11-03,103.22,102.58,103.65,102.40,21242341
2015-11-04,103.19,103.94,104.14,102.48,43469308
2015-11-05,108.80,108.76,110.65,107.95,63232861
2015-11-06,108.04,107.10,108.74,105.91,35084342
2015-11-09,107.00,106.49,108.25,105.86,26383540
2015-11-10,105.96,107.91,108.15,105.24,25031681
2015-11-11,108.27,109.01,109.87,107.11,25057099
2015-11-12,108.48,108.02,109.39,108.00,20924674
2015-11-13,107.71,103.95,108.25,103.83,30278403
2015-11-16,103.32,104.04,104.17,100.47,49309167
2015-11-17,104.62,105.13,106.20,104.14,26807230
2015-11-18,105.80,107.77,107.88,105.39,23836526
2015-11-19,107.36,106.26,107.73,105.95,25520599
2015-11-20,106.84,107.32,107.87,106.62,22129648
2015-11-23,107.19,106.95,107.47,106.08,19897220
2015-11-24,106.00,105.74,106.49,104.39,23577293
2015-11-25,106.33,105.41,106.60,105.10,15150785
2015-11-27,105.78,105.45,105.96,104.86,5913066
2015-11-30,105.84,104.24,106.10,103.75,20383179
2015-12-01,104.83,107.12,107.15,104.50,22781868
2015-12-02,107.00,106.07,107.92,105.79,24429063
2015-12-03,106.27,104.38,106.85,103.35,23236485
2015-12-04,104.81,106.18,107.73,104.11,21224721
2015-12-07,106.48,105.61,106.83,104.66,15474890
2015-12-08,104.00,106.49,106.91,103.95,20401791
2015-12-09,106.18,104.60,106.44,103.55,23517268
2015-12-10,105.05,105.42,106.40,104.41,17454312
2015-12-11,104.15,102.12,104.34,101.91,26427727
2015-12-14,102.29,104.66,104.74,101.46,24813496
2015-12-15,105.30,104.55,105.80,104.28,21764331
2015-12-16,105.37,106.79,107.09,104.19,22680547
2015-12-17,107.49,106.22,107.75,106.13,21675686
2015-12-18,106.08,104.04,106.59,103.97,35994199
2015-12-21,104.91,104.77,105.15,103.60,16138786
2015-12-22,105.22,105.51,105.66,104.81,14597122
2015-12-23,105.89,104.63,106.11,103.86,19599673
2015-12-24,104.74,105.02,105.32,104.50,6512134
2015-12-28,105.02,105.93,105.98,104.53,13069733
2015-12-29,106.42,107.26,107.74,106.25,17179901
2015-12-30,107.00,106.22,107.25,106.06,13115007
2015-12-31,106.00,104.66,106.17,104.62,18391064
2016-01-04,101.95,102.22,102.24,99.75,37912403
2016-01-05,102.89,102.73,103.71,101.67,23258238
2016-01-06,101.13,102.97,103.77,100.90,25096183
2016-01-07,100.50,97.92,101.43,97.30,45172906
2016-01-08,99.88,97.33,100.50,97.03,35402298
2016-01-11,97.91,97.51,98.60,95.39,29932385
2016-01-12,99.00,99.37,99.96,97.55,28395390
2016-01-13,100.58,95.44,100.58,95.21,33410553
2016-01-14,95.85,98.37,98.87,92.45,48658623
2016-01-15,93.98,94.97,96.38,93.54,46132781
2016-01-19,96.53,95.26,97.42,93.92,30998256
2016-01-20,92.83,94.35,95.00,89.37,59051429
2016-01-21,94.91,94.16,95.99,92.62,30518939
2016-01-22,96.41,97.94,98.07,95.49,30495387
2016-01-25,98.72,97.01,99.48,96.93,32482015
2016-01-26,97.76,97.34,97.88,95.66,26877080
2016-01-27,97.79,94.45,97.85,94.23,58699359
2016-01-28,107.20,109.11,110.34,104.81,107475327
2016-01-29,108.99,112.21,112.84,108.84,62739548
2016-02-01,112.27,115.09,115.72,112.01,46132726
2016-02-02,114.80,114.61,117.59,113.20,59778571
2016-02-03,115.27,112.69,115.34,109.75,56919324
2016-02-04,111.80,110.49,111.94,109.25,38890199
2016-02-05,109.51,104.07,109.58,103.18,76894741
2016-02-08,100.41,99.75,102.68,97.46,71229746
2016-02-09,97.14,99.54,102.40,96.82,62709018
2016-02-10,101.55,101.00,103.25,100.24,45179370
2016-02-11,99.60,101.91,105.11,98.88,43670634
2016-02-12,103.74,102.01,104.24,101.09,36176760
2016-02-16,103.80,101.61,103.93,100.24,45687224
2016-02-17,101.94,105.20,105.72,100.40,44073369
2016-02-18,105.80,103.47,106.00,103.03,29593508
2016-02-19,102.55,104.57,105.02,102.06,32404516
2016-02-22,105.49,107.16,108.25,105.34,35709714
2016-02-23,106.85,105.46,107.47,105.12,25319315
2016-02-24,104.21,106.88,106.95,102.74,34412437
2016-02-25,107.11,108.07,108.07,105.61,29906278
2016-02-26,108.70,107.92,109.45,107.16,26686193
2016-02-29,107.60,106.92,108.91,106.75,32778992
2016-03-01,107.83,109.82,109.82,107.60,26817309
2016-03-02,109.68,109.95,110.55,108.77,25670170
2016-03-03,110.25,109.58,110.30,108.54,21353092
2016-03-04,110.05,108.39,110.05,107.93,24938858
2016-03-07,108.07,105.73,108.07,104.72,31534055
2016-03-08,104.78,105.93,107.37,104.40,25616963
2016-03-09,106.70,107.51,107.51,105.49,20493305
2016-03-10,107.91,107.32,108.66,105.77,24854284
2016-03-11,108.48,109.41,109.42,107.92,20697553
2016-03-14,109.28,109.89,110.33,108.77,17249365
2016-03-15,109.11,110.67,110.83,108.84,17618460
2016-03-16,110.49,112.18,112.50,110.10,24744778
2016-03-17,112.15,111.02,112.69,110.73,8014151
2016-03-18,111.56,111.45,112.42,110.27,36256877
2016-03-21,111.66,111.85,112.37,111.03,18447974
2016-03-22,111.36,112.25,112.88,111.17,19001076
2016-03-23,112.01,112.54,113.19,112.00,18561974
2016-03-24,112.13,113.05,113.09,111.68,17839119
2016-03-28,113.32,113.69,114.59,112.95,21351751
2016-03-29,113.83,116.14,116.32,113.64,29825340
2016-03-30,116.73,114.70,116.99,114.36,33235184
2016-03-31,114.70,114.10,115.01,113.77,21207526
2016-04-01,113.75,116.06,116.17,113.35,24760504
2016-04-04,114.07,112.55,114.55,111.61,48487913
2016-04-05,112.11,112.22,113.32,111.90,22962365
2016-04-06,112.47,113.71,113.81,112.42,20814640
2016-04-07,113.79,113.64,114.89,113.07,20714537
2016-04-08,114.25,110.63,114.33,109.90,48497808
2016-04-11,110.70,108.99,110.91,108.77,39762304
2016-04-12,109.34,110.61,111.16,108.99,26248081
2016-04-13,112.23,110.51,112.65,106.52,88227393
2016-04-14,110.62,110.84,112.04,110.26,28473322
2016-04-15,110.79,109.64,110.97,109.20,20922803
2016-04-18,109.74,110.45,110.81,109.20,21167199
2016-04-19,111.10,112.29,112.45,109.16,30210455
2016-04-20,112.43,112.42,113.27,111.56,21027901
2016-04-21,112.55,113.44,114.04,112.31,20875230
2016-04-22,111.21,110.56,111.75,109.01,38458201
2016-04-25,109.87,110.10,110.67,109.07,21017895
2016-04-26,110.49,108.76,110.50,108.15,22521534
2016-04-27,107.94,108.89,108.94,106.31,52213107
2016-04-28,119.58,116.73,120.79,116.23,87110080
2016-04-29,116.82,117.58,117.84,115.84,37140594
2016-05-02,117.83,118.57,118.73,116.57,28095168
2016-05-03,117.52,117.43,118.16,117.02,24117463
2016-05-04,116.61,118.06,118.30,116.57,23448440
2016-05-05,118.04,117.81,118.98,117.25,22056749
2016-05-06,117.16,119.49,119.64,117.11,26395568
2016-05-09,119.54,119.24,120.28,118.90,21138059
2016-05-10,119.62,120.50,120.50,114.80,23220046
2016-05-11,120.41,119.52,121.08,119.42,22038396
2016-05-12,119.98,120.28,120.84,118.90,22035465
2016-05-13,120.38,119.81,120.64,119.68,18124286
2016-05-16,119.38,118.67,119.61,117.35,31247834
2016-05-17,118.82,117.35,119.01,117.20,21328648
2016-05-18,116.80,117.65,118.27,116.73,21642299
2016-05-19,117.05,116.81,117.49,115.88,20544109
2016-05-20,116.96,117.35,117.99,116.95,18944831
2016-05-23,117.42,115.97,117.60,115.94,20441004
2016-05-24,116.24,117.70,117.73,116.12,20183627
2016-05-25,118.13,117.89,118.67,117.38,20035494
2016-05-26,118.24,119.47,119.76,117.92,18481340
2016-05-27,119.56,119.38,119.85,119.01,13493563
2016-05-31,119.46,118.81,120.10,118.12,23547597
2016-06-01,118.50,118.78,119.08,117.82,15029494
2016-06-02,118.69,118.93,119.44,118.22,13228310
2016-06-03,118.98,118.47,118.98,117.86,14135114
2016-06-06,118.62,118.79,119.43,118.36,12744676
2016-06-07,119.24,117.76,119.30,117.67,17103023
2016-06-08,117.76,118.39,118.60,117.27,14505596
2016-06-09,118.13,118.56,118.68,117.71,13859240
2016-06-10,117.54,116.62,118.11,116.26,18510826
2016-06-13,115.00,113.95,115.48,113.31,31718239
2016-06-14,114.07,114.94,114.95,113.58,17618479
2016-06-15,115.30,114.60,115.44,114.07,19819432
2016-06-16,113.87,114.39,114.50,112.94,19236255
2016-06-17,114.42,113.02,114.43,112.56,24644308
2016-06-20,113.77,113.37,114.72,112.75,20785390
2016-06-21,114.12,114.38,115.21,113.97,19166269
2016-06-22,114.65,113.91,114.74,113.61,14846329
2016-06-23,114.37,115.08,115.09,113.54,16176895
2016-06-24,111.01,112.08,113.68,111.00,40643130
2016-06-27,111.57,108.97,111.57,108.23,36409606
2016-06-28,110.63,112.70,112.75,110.55,26813842
2016-06-29,113.37,114.16,114.25,113.04,20968273
2016-06-30,114.67,114.28,115.18,113.67,23192716
2016-07-01,114.20,114.19,115.13,113.81,14980023
2016-07-05,113.94,114.00,114.11,112.97,14207037
2016-07-06,113.36,116.70,116.79,112.97,24337586
2016-07-07,116.63,115.85,116.97,115.36,16630201
2016-07-08,116.43,117.24,117.50,115.85,18142597
2016-07-11,117.71,117.87,118.70,117.50,17711570
2016-07-12,118.63,117.93,118.72,117.57,15217700
2016-07-13,118.39,116.78,118.40,116.68,16207662
2016-07-14,117.50,117.29,117.64,116.70,14579736
2016-07-15,117.74,116.86,118.28,116.58,16645964
2016-07-18,117.32,119.37,119.61,116.89,20868367
2016-07-19,118.99,120.61,120.85,118.66,21541292
2016-07-20,121.25,121.92,122.20,120.56,20046452
2016-07-21,121.92,120.61,122.10,120.25,17801663
2016-07-22,119.90,121.00,121.01,119.31,18422410
2016-07-25,121.39,121.63,121.85,117.78,18487449
2016-07-26,122.00,121.22,122.07,120.75,17611964
2016-07-27,122.42,123.34,125.00,121.51,52654239
2016-07-28,127.52,125.00,128.33,123.63,78955758
2016-07-29,124.65,123.94,125.84,123.71,35058803
2016-08-01,123.85,124.31,124.58,122.86,25006850
2016-08-02,124.06,123.09,124.80,122.07,23968414
2016-08-03,123.09,122.51,123.92,122.31,18525332
2016-08-04,122.94,124.36,124.79,122.51,21065974
2016-08-05,124.98,125.15,125.84,124.62,20184035
2016-08-08,125.25,125.26,125.45,124.55,15233929
2016-08-09,125.34,125.06,126.09,124.53,19620967
2016-08-10,125.07,124.88,125.48,124.54,10670148
2016-08-11,125.20,124.90,125.38,124.75,11729519
2016-08-12,124.70,124.88,125.00,124.18,12158955
2016-08-15,124.91,123.90,124.92,123.70,19295130
2016-08-16,123.50,123.30,123.92,122.78,14222410
2016-08-17,123.66,124.37,124.38,122.85,13794179
2016-08-18,124.01,123.91,124.26,123.64,12400816
2016-08-19,123.60,123.56,124.16,123.28,11688265
2016-08-22,123.33,124.15,124.83,123.11,14386361
2016-08-23,124.51,124.37,125.09,124.25,13309452
2016-08-24,124.47,123.48,124.69,123.09,12243719
2016-08-25,123.12,123.89,124.37,123.10,10730811
2016-08-26,124.05,124.96,125.19,123.91,17504825
2016-08-29,124.35,126.54,126.73,124.35,15925900
2016-08-30,126.60,125.84,126.60,125.15,17804286
2016-08-31,125.60,126.12,126.22,125.10,14200636
2016-09-01,126.38,126.17,126.63,125.60,13536125
2016-09-02,126.85,126.51,126.86,126.00,12118773
2016-09-06,126.67,129.73,129.94,126.47,26278407
2016-09-07,130.04,131.05,131.98,129.95,27990796
2016-09-08,130.92,130.27,131.08,129.81,15676595
2016-09-09,129.71,127.10,129.95,127.10,27100679
2016-09-12,125.96,128.69,128.76,125.75,21252752
2016-09-13,128.03,127.21,128.35,126.66,18016152
2016-09-14,126.89,127.77,128.80,126.89,15720388
2016-09-15,127.98,128.35,129.10,127.67,15111838
2016-09-16,128.20,129.07,129.18,128.20,24119174
2016-09-19,129.91,128.65,129.94,128.26,14958794
2016-09-20,128.65,128.64,129.17,128.03,11083808
2016-09-21,129.13,129.94,130.01,128.39,14068336
2016-09-22,130.50,130.08,130.73,129.56,15538307
2016-09-23,127.56,127.96,128.60,127.30,28326266
2016-09-26,127.37,127.31,128.16,126.80,15064940
2016-09-27,127.61,128.69,129.01,127.43,15637111
2016-09-28,129.21,129.23,129.47,128.40,12047636
2016-09-29,129.18,128.09,129.29,127.55,14532241
2016-09-30,128.03,128.27,128.59,127.45,18402945
2016-10-03,128.38,128.77,129.09,127.80,13156943
2016-10-04,129.17,128.19,129.28,127.55,14307548
2016-10-05,128.25,128.47,128.80,127.83,12386753
2016-10-06,128.43,128.74,129.06,128.08,11682729
2016-10-07,129.04,128.99,129.25,128.33,12804420
2016-10-10,129.68,130.24,130.70,129.20,15138720
2016-10-11,130.23,128.88,130.64,128.23,17537928
2016-10-12,129.01,129.05,129.66,128.46,11072991
2016-10-13,128.21,127.82,128.25,126.75,17139306
2016-10-14,128.49,127.88,128.95,127.58,13345292
2016-10-17,128.20,127.54,128.47,127.32,11351681
2016-10-18,128.68,128.57,129.39,128.01,13503967
2016-10-19,128.74,130.11,130.47,128.60,16752321
2016-10-20,130.07,130.00,130.66,129.50,13167503
2016-10-21,129.78,132.07,132.13,129.70,19088794
2016-10-24,132.72,133.28,133.41,132.15,17470227
2016-10-25,133.50,132.29,133.50,132.22,13336787
2016-10-26,131.64,131.04,132.26,130.94,13084731
2016-10-27,131.74,129.69,131.80,129.27,16741393
2016-10-28,130.50,131.29,132.97,129.93,24545547
2016-10-31,132.01,130.99,132.12,130.88,15668982
2016-11-01,131.41,129.50,131.94,128.65,22077779
2016-11-02,130.23,127.17,130.23,126.28,50190225
2016-11-03,122.00,120.00,123.28,119.50,63766259
2016-11-04,119.59,120.75,121.93,119.25,30545466
2016-11-07,122.83,122.15,123.21,121.35,23008880
2016-11-08,122.03,124.22,124.61,121.54,19460768
2016-11-09,121.50,123.18,123.81,120.51,31916020
2016-11-10,123.93,120.80,124.18,115.27,67846704
2016-11-11,119.53,119.02,120.70,118.15,32840137
2016-11-14,119.13,115.08,119.13,113.55,51377040
2016-11-15,116.73,117.20,118.49,115.83,34681369
2016-11-16,114.48,116.34,117.88,114.21,32397947
2016-11-17,116.81,117.79,117.79,116.01,18597766
2016-11-18,118.39,117.02,119.13,116.84,22879303
2016-11-21,118.20,121.77,121.95,117.80,35415366
2016-11-22,122.40,121.47,122.98,120.90,26089163
2016-11-23,121.23,120.84,121.31,119.94,15672136
2016-11-25,121.01,120.38,121.14,120.07,8658605
2016-11-28,120.12,120.41,121.69,119.82,18101314
2016-11-29,120.57,120.87,122.10,120.40,18890956
2016-11-30,120.32,118.42,121.79,117.95,30188922
2016-12-01,118.38,115.10,118.45,114.00,43276994
2016-12-02,115.11,115.40,116.48,114.30,25070364
2016-12-05,115.95,117.43,117.57,115.07,20201528
2016-12-06,117.69,117.31,117.80,116.33,19131202
2016-12-07,117.00,117.95,117.95,116.57,21913658
2016-12-08,117.98,118.91,119.50,117.64,22442756
2016-12-09,119.22,119.68,119.94,118.95,17464736
2016-12-12,119.22,117.77,119.24,117.65,17805527
2016-12-13,117.86,120.31,121.52,117.61,29768028
2016-12-14,120.00,120.21,121.69,118.85,25913095
2016-12-15,120.08,120.57,122.50,119.63,20139568
2016-12-16,120.90,119.87,121.50,119.27,25324299
2016-12-19,119.85,119.24,120.36,118.51,15918146
2016-12-20,119.50,119.09,119.77,118.80,13684402
2016-12-21,118.92,119.04,119.20,118.48,10767646
2016-12-22,118.86,117.40,118.99,116.93,16258587
2016-12-23,117.00,117.27,117.56,116.30,10889985
2016-12-27,116.96,118.01,118.68,116.86,12051481
2016-12-28,118.19,116.92,118.25,116.65,12087377
2016-12-29,117.00,116.35,117.53,116.06,9934873
2016-12-30,116.60,115.05,116.83,114.77,18684106
2017-01-03,116.03,116.86,117.84,115.51,20663912
2017-01-04,117.55,118.69,119.66,117.29,19630932
2017-01-05,118.86,120.67,120.95,118.32,19492150
2017-01-06,120.98,123.41,123.88,120.03,28545263
2017-01-09,123.55,124.90,125.43,123.04,22880360
2017-01-10,124.82,124.35,125.50,124.28,17324590
2017-01-11,124.35,126.09,126.12,124.06,18356523
2017-01-12,125.61,126.62,126.73,124.80,18653914
2017-01-13,127.49,128.34,129.27,127.37,24884325
2017-01-17,128.04,127.87,128.34,127.40,15294460
2017-01-18,128.41,127.92,128.43,126.84,13145852
2017-01-19,128.23,127.55,128.35,127.45,12195465
2017-01-20,128.10,127.04,128.48,126.78,19097223
2017-01-23,127.31,128.93,129.25,126.95,16593563
2017-01-24,129.38,129.37,129.90,128.38,15162724
2017-01-25,130.00,131.48,131.74,129.77,18777314
2017-01-26,131.63,132.78,133.14,131.44,20020141
2017-01-27,132.68,132.18,132.95,131.08,19539514
2017-01-30,131.58,130.98,131.58,129.60,18956095
2017-01-31,130.17,130.32,130.66,129.52,19790484
2017-02-01,132.25,133.23,133.49,130.68,50139775
2017-02-02,133.22,130.84,135.49,130.40,54366447
2017-02-03,131.24,130.98,132.85,130.76,24804890
2017-02-06,130.98,132.06,132.06,130.30,17058494
2017-02-07,132.24,131.84,133.00,131.66,14596449
2017-02-08,132.60,134.20,134.44,132.44,22390556
2017-02-09,134.49,134.14,134.50,133.31,16470609
2017-02-10,134.10,134.19,134.94,133.68,15061939
2017-02-13,134.70,134.05,134.70,133.70,13526221
2017-02-14,134.10,133.85,134.23,132.55,14364877
2017-02-15,133.45,133.44,133.70,132.66,13226534
2017-02-16,133.07,133.84,133.87,133.02,12831092
2017-02-17,133.50,133.53,134.09,133.17,12276490
2017-02-21,133.50,133.72,133.91,132.90,14759109
2017-02-22,133.60,136.12,136.79,133.46,27360092
2017-02-23,135.89,135.36,136.12,134.33,18422549
2017-02-24,134.16,135.44,135.62,134.16,12625742
2017-02-27,135.26,136.41,137.18,135.02,14306668
2017-02-28,136.79,135.54,136.81,134.75,16112092
2017-03-01,136.47,137.42,137.48,136.30,16257010
2017-03-02,137.09,136.76,137.82,136.31,12294804
2017-03-03,136.63,137.17,137.33,136.08,11160563
2017-03-06,136.88,137.42,137.83,136.51,12748179
2017-03-07,137.03,137.30,138.37,136.99,13527132
2017-03-08,137.15,137.72,137.99,137.05,10184514
2017-03-09,137.72,138.24,138.57,137.40,15535259
2017-03-10,138.91,138.79,139.49,138.22,16314113
2017-03-13,139.14,139.60,139.68,138.67,10955450
2017-03-14,139.46,139.32,139.46,138.52,12944018
2017-03-15,139.29,139.72,140.10,138.49,19344826
2017-03-16,140.20,139.99,140.25,139.73,13612942
2017-03-17,140.34,139.84,140.34,139.70,20592818
2017-03-20,139.71,139.94,140.19,139.25,12099471
2017-03-21,141.15,138.51,142.31,138.40,29894784
2017-03-22,137.93,139.59,139.79,137.60,17055449
2017-03-23,139.48,139.53,140.39,139.09,13022801
2017-03-24,140.08,140.34,141.02,139.76,16664683
2017-03-27,139.05,140.32,140.65,138.77,12800544
2017-03-28,140.36,141.76,141.95,140.01,14679436
2017-03-29,141.99,142.65,142.86,141.43,16527574
2017-03-30,142.40,142.41,142.95,141.85,12403997
2017-03-31,142.31,142.05,142.63,141.89,11478265
2017-04-03,141.93,142.28,142.47,140.82,13563960
2017-04-04,141.86,141.73,142.09,141.27,12948599
2017-04-05,142.26,141.85,143.44,141.29,17158059
2017-04-06,142.11,141.17,142.22,140.91,15103426
2017-04-07,141.20,140.78,141.55,140.24,11818341
2017-04-10,141.00,141.04,141.43,140.63,9039366
2017-04-11,140.80,139.92,141.03,138.81,16638087
2017-04-12,139.72,139.58,140.40,139.44,11612456
2017-04-13,139.62,139.39,140.58,139.33,10965614
2017-04-17,139.76,141.42,141.55,139.75,11519663
2017-04-18,141.27,140.96,141.91,140.61,14807472
2017-04-19,141.35,142.27,143.04,141.27,15563945
2017-04-20,142.95,143.80,144.25,142.69,15968164
2017-04-21,143.90,143.68,144.17,142.27,12382002
2017-04-24,144.96,145.47,145.67,144.34,14407175
2017-04-25,145.79,146.49,147.15,145.79,17767523
2017-04-26,147.09,146.56,147.59,146.09,12394959
2017-04-27,146.67,147.70,147.75,146.14,11275112
2017-04-28,149.50,150.25,151.53,149.07,30652248
2017-05-01,151.74,152.46,152.57,151.42,25218300
2017-05-02,153.34,152.78,153.44,151.66,21870380
2017-05-03,153.60,151.80,153.60,151.34,29782492
2017-05-04,150.17,150.85,151.52,148.72,36225452
2017-05-05,151.45,150.24,151.63,149.79,17148543
2017-05-08,150.71,151.06,151.08,149.74,15827488
2017-05-09,151.49,150.48,152.59,150.21,17453859
2017-05-10,150.23,150.29,150.52,148.86,12080650
2017-05-11,150.31,150.04,150.65,149.41,11841864
2017-05-12,150.40,150.33,150.46,149.63,9598229
2017-05-15,150.17,150.19,151.48,149.77,15064664
2017-05-16,150.11,149.78,150.21,149.03,14550830
2017-05-17,148.00,144.85,148.67,144.42,28300050
2017-05-18,144.72,147.66,148.15,144.51,23031566
2017-05-19,148.45,148.06,149.39,147.96,16187892
2017-05-22,148.08,148.24,148.59,147.69,12586712
2017-05-23,148.52,148.07,148.81,147.25,12817837
2017-05-24,148.51,150.04,150.23,148.42,17940668
2017-05-25,150.30,151.96,152.59,149.95,19891352
2017-05-26,152.23,152.13,152.25,151.15,14996185
2017-05-30,151.97,152.38,152.90,151.64,13226007
2017-05-31,152.70,151.46,153.35,151.09,18023917
2017-06-01,151.75,151.53,152.29,150.30,14530600
2017-06-02,151.85,153.61,153.63,151.30,16854365
2017-06-05,153.64,153.63,154.71,153.41,12520387
2017-06-06,153.41,152.81,154.52,152.48,13457119
2017-06-07,153.27,153.12,153.75,152.34,12066657
2017-06-08,154.08,154.71,154.73,153.10,17799449
2017-06-09,154.77,149.60,155.59,146.61,35577676
2017-06-12,148.17,148.44,149.20,144.56,33170180
2017-06-13,150.15,150.68,151.18,148.90,20483350
2017-06-14,151.26,150.25,152.40,149.05,20808759
2017-06-15,147.67,149.80,150.04,146.37,18994152
2017-06-16,149.59,150.64,150.83,148.60,22882417
2017-06-19,151.71,152.87,153.57,151.71,19026462
2017-06-20,152.88,152.25,153.84,152.21,14743853
2017-06-21,152.36,153.91,154.08,151.88,15039834
2017-06-22,153.01,153.40,154.55,152.91,13005535
2017-06-23,152.72,155.07,155.20,152.65,18026977
2017-06-26,156.25,153.59,156.50,153.20,18049651
2017-06-27,152.84,150.58,153.31,150.39,19360766
2017-06-28,150.92,153.24,153.47,149.86,16719104
2017-06-29,152.28,151.04,152.50,148.92,23973482
2017-06-30,151.90,150.98,151.92,150.06,17666022
2017-07-03,151.72,148.43,152.15,147.80,13862735
2017-07-05,149.00,150.34,150.85,148.13,14334290
2017-07-06,149.03,148.82,150.04,148.00,14951802
2017-07-07,149.25,151.44,151.99,149.19,13615931
2017-07-10,151.69,153.50,153.98,151.51,13378672
2017-07-11,153.37,155.27,155.42,152.91,13667744
2017-07-12,156.49,158.90,159.16,156.20,22739388
2017-07-13,158.74,159.26,159.78,158.42,13929236
2017-07-14,160.13,159.97,160.32,159.33,16371207
2017-07-17,160.25,159.73,160.78,158.81,12858836
2017-07-18,159.66,162.86,163.73,159.42,23722910
2017-07-19,163.59,164.14,165.70,163.17,26273642
2017-07-20,164.80,164.53,165.00,162.81,18523107
2017-07-21,164.16,164.43,165.05,163.75,14744002
2017-07-24,164.64,166.00,166.17,164.31,17366971
2017-07-25,165.01,165.28,165.54,163.86,15383241
2017-07-26,166.01,165.61,166.01,164.10,35236867
2017-07-27,174.70,170.44,175.49,167.50,68910708
2017-07-28,169.07,172.45,173.43,169.05,24557553
2017-07-31,172.00,169.25,172.72,168.55,25478945
2017-08-01,169.82,169.86,170.47,169.05,14384957
2017-08-02,170.30,169.30,170.55,166.91,17433774
2017-08-03,169.30,168.59,169.70,168.25,10793841
2017-08-04,168.97,169.62,170.06,168.69,10777727
2017-08-07,169.95,171.98,172.06,169.66,12787844
2017-08-08,171.88,171.23,173.05,170.62,14393524
2017-08-09,169.98,171.18,171.45,169.56,10814984
2017-08-10,170.06,167.40,170.59,166.85,20832746
2017-08-11,167.95,168.08,168.82,166.85,13791153
2017-08-14,170.09,170.75,171.08,169.29,12954231
2017-08-15,171.49,171.00,171.50,170.01,8729172
2017-08-16,171.25,170.00,171.38,169.24,15779924
2017-08-17,169.34,166.91,169.86,166.85,17216030
2017-08-18,166.84,167.41,168.67,166.21,15093638
2017-08-21,167.16,167.78,168.00,165.82,11907488
2017-08-22,168.28,169.64,169.87,167.15,11390975
2017-08-23,168.84,168.71,169.36,168.20,9856473
2017-08-24,168.88,167.74,169.29,166.41,14030420
2017-08-25,167.86,166.32,168.38,166.18,12614477
2017-08-28,166.91,167.24,167.70,166.33,8553741
2017-08-29,165.25,168.05,168.43,165.00,11120986
2017-08-30,168.17,169.92,170.18,167.63,11138293
2017-08-31,170.40,171.97,172.15,170.06,17226465
2017-09-01,172.40,172.02,172.92,171.31,11677589
2017-09-05,171.27,170.72,172.39,169.55,13221127
2017-09-06,170.91,172.09,172.48,169.57,13906342
2017-09-07,171.94,173.21,173.31,170.27,18049527
2017-09-08,173.09,170.95,173.49,170.80,10998459
2017-09-11,172.40,173.51,173.89,172.20,12372040
2017-09-12,173.76,172.96,174.00,171.75,11186328
2017-09-13,173.01,173.05,173.17,172.06,9119295
2017-09-14,172.26,170.96,172.28,170.50,15615654
2017-09-15,170.88,171.64,172.34,170.26,15660539
2017-09-18,171.99,170.01,172.07,169.34,12954013
2017-09-19,170.62,172.52,172.56,170.36,13168595
2017-09-20,172.50,172.17,173.05,170.70,12264125
2017-09-21,171.69,171.11,172.27,170.01,11161412
2017-09-22,170.21,170.54,171.73,169.22,12097138
2017-09-25,169.24,162.87,169.30,161.56,41251583
2017-09-26,164.50,164.21,165.50,162.78,23363335
2017-09-27,165.90,167.68,168.34,165.57,19242548
2017-09-28,167.94,168.73,169.07,167.16,12178747
2017-09-29,168.83,170.87,171.66,168.81,15340366
2017-10-02,171.39,169.47,171.87,168.75,13392280
2017-10-03,169.30,169.96,170.73,169.20,8190273
2017-10-04,169.83,168.42,170.67,168.29,12127887
2017-10-05,169.18,171.24,171.31,168.60,14580628
2017-10-06,170.25,172.23,172.37,169.75,13124473
2017-10-09,172.70,172.50,174.88,172.00,14570413
2017-10-10,173.00,171.59,173.20,170.80,11341081
2017-10-11,171.95,172.74,172.78,171.40,11283663
2017-10-12,172.61,172.55,173.85,172.29,10351044
2017-10-13,173.45,173.74,174.65,173.20,13658307
2017-10-16,174.49,174.52,175.00,174.06,11498752
2017-10-17,174.71,176.11,176.13,174.36,15990079
2017-10-18,176.65,176.03,176.74,175.75,12752351
2017-10-19,174.93,174.56,176.03,172.63,14048350
2017-10-20,175.50,174.98,175.88,174.63,12602238
2017-10-23,175.20,171.27,175.34,171.25,13852658
2017-10-24,172.30,171.80,173.24,171.50,12267913
2017-10-25,171.90,170.60,172.25,168.89,15868197
2017-10-26,171.38,170.63,172.29,170.39,11833141
2017-10-27,174.15,177.88,178.21,173.90,30285281
2017-10-30,179.26,179.87,180.69,177.61,24353160
2017-10-31,180.57,180.06,180.80,178.94,20174231
2017-11-01,182.36,182.66,182.90,180.57,40918341
2017-11-02,180.63,178.92,181.94,177.34,35529893
2017-11-03,179.29,178.92,179.86,176.71,17822131
2017-11-06,178.56,180.17,180.45,178.31,13312741
2017-11-07,180.50,180.25,180.75,178.96,12928182
2017-11-08,179.79,179.56,180.35,179.11,10494149
2017-11-09,178.31,179.30,179.40,177.09,12610335
2017-11-10,178.35,178.46,179.10,177.96,11070189
2017-11-13,177.50,178.77,179.04,177.30,9523447
2017-11-14,178.13,178.07,178.97,177.18,9585868
2017-11-15,176.66,177.95,178.57,176.40,10253667
2017-11-16,178.76,179.59,179.83,178.50,15607582
2017-11-17,179.30,179.00,179.98,178.90,13017980
2017-11-20,178.87,178.74,179.50,178.10,10052391
2017-11-21,179.15,181.86,181.89,178.99,14503990
2017-11-22,181.30,180.87,181.73,180.44,10376329
2017-11-24,180.40,182.78,183.15,180.29,9426283
2017-11-27,182.56,183.03,183.73,181.99,12344516
2017-11-28,183.51,182.42,184.25,182.09,14379674
2017-11-29,181.89,175.13,181.97,174.00,41933484
2017-11-30,176.85,177.18,178.28,175.20,25307601
2017-12-01,176.03,175.10,177.48,172.34,20182523
2017-12-04,176.29,171.47,176.57,170.79,24459422
2017-12-05,170.45,172.83,175.38,169.01,20184908
2017-12-06,172.50,176.06,176.77,171.90,20255846
2017-12-07,175.80,180.14,180.39,175.80,20404533
2017-12-08,181.53,179.00,182.28,178.74,19883764
2017-12-11,179.30,179.04,180.22,178.80,13168575
2017-12-12,178.60,176.96,179.18,176.60,16854098
2017-12-13,177.30,178.30,179.16,177.25,14615718
2017-12-14,178.29,178.39,180.36,177.68,13590999
2017-12-15,179.02,180.18,180.49,178.36,28463101
2017-12-18,181.01,180.82,181.30,179.75,17265376
2017-12-19,179.95,179.51,180.08,178.22,14920582
2017-12-20,179.81,177.89,179.81,177.36,11860497
2017-12-21,177.94,177.45,178.68,177.05,11600700
2017-12-22,177.14,177.20,177.53,176.23,8509451
2017-12-26,176.63,175.99,177.00,174.67,8897286
2017-12-27,176.55,177.62,178.44,176.26,9496071
2017-12-28,177.95,177.92,178.94,177.68,12220760
2017-12-29,178.00,176.46,178.85,176.46,10261456
2018-01-02,177.68,181.42,181.58,177.55,18151903
2018-01-03,181.88,184.67,184.78,181.33,16886563
2018-01-04,184.90,184.33,186.21,184.10,13880896
2018-01-05,185.59,186.85,186.90,184.93,13574535
2018-01-08,187.20,188.28,188.90,186.33,17994726
2018-01-09,188.70,187.87,188.80,187.10,12393057
2018-01-10,186.94,187.84,187.89,185.63,10529894
2018-01-11,188.40,187.77,188.40,187.38,9588587
2018-01-12,178.06,179.37,181.48,177.40,77551299
2018-01-16,181.50,178.39,181.75,178.04,36183842
2018-01-17,179.26,177.60,179.32,175.80,27992376
2018-01-18,178.13,179.80,180.98,177.08,23304901
2018-01-19,180.85,181.29,182.37,180.17,26826540
2018-01-22,180.80,185.37,185.39,180.41,21059464
2018-01-23,186.05,189.35,189.55,185.55,25678781
2018-01-24,189.89,186.55,190.66,186.52,24334548
2018-01-25,187.95,187.48,188.62,186.60,17377740
2018-01-26,187.75,190.00,190.00,186.81,17759212
2018-01-29,188.75,185.98,188.84,185.63,20453172
2018-01-30,183.01,187.12,188.18,181.84,20858556
2018-01-31,188.37,186.89,189.83,185.22,43275144
2018-02-01,188.22,193.09,195.32,187.89,54211293
2018-02-02,192.04,190.28,194.21,189.98,26677484
2018-02-05,186.93,181.26,190.61,180.61,33128206
2018-02-06,178.57,185.31,185.77,177.74,37758505
2018-02-07,184.15,180.18,185.08,179.95,27601886
2018-02-08,181.01,171.58,181.84,171.48,38478321
2018-02-09,174.76,176.11,176.90,167.18,39887626
2018-02-12,177.06,176.41,177.55,171.84,32092133
2018-02-13,175.62,173.15,175.97,173.10,21809350
2018-02-14,173.45,179.52,179.81,173.21,28929704
2018-02-15,180.50,179.96,180.50,176.84,20922120
2018-02-16,178.99,177.36,179.88,176.30,21015610
2018-02-20,175.77,176.01,177.95,175.11,21204921
2018-02-21,176.71,177.91,181.27,176.40,23200804
2018-02-22,178.70,178.99,180.21,177.41,18464192
2018-02-23,179.90,183.29,183.39,179.51,19007288
2018-02-26,184.58,184.93,185.66,183.22,17599703
2018-02-27,184.45,181.46,184.70,181.46,15849806
2018-02-28,182.30,178.32,182.88,178.14,18783039
2018-03-01,179.01,175.94,180.12,174.41,23201626
2018-03-02,173.29,176.62,177.11,172.99,20025905
2018-03-05,176.20,180.40,181.15,175.89,16189280
2018-03-06,181.78,179.78,182.38,179.11,15086784
2018-03-07,178.74,183.71,183.82,178.07,19097293
2018-03-08,183.56,182.34,184.40,181.45,17225946
2018-03-09,183.91,185.23,185.51,183.21,18526292
2018-03-12,185.23,184.76,186.10,184.22,15301229
2018-03-13,185.61,181.88,185.99,181.11,18067477
2018-03-14,182.60,184.19,184.25,181.85,16821728
2018-03-15,183.24,183.86,184.00,182.19,15645035
2018-03-16,184.49,185.09,185.33,183.41,24403438
2018-03-19,177.01,172.56,177.17,170.06,88140060
2018-03-20,167.47,168.15,170.20,161.95,129851768
2018-03-21,164.80,169.39,173.40,163.30,106598834
2018-03-22,166.13,164.89,170.27,163.72,73742979
2018-03-23,165.44,159.39,167.10,159.02,53609706
2018-03-26,160.82,160.06,161.10,149.02,126116634
2018-03-27,156.31,152.22,162.85,150.75,79116995
2018-03-28,151.65,153.03,155.88,150.80,60029170
2018-03-29,155.15,159.79,161.42,154.14,59434293
2018-04-02,157.81,155.39,159.20,154.11,36795991
2018-04-03,156.55,156.11,157.39,150.81,42543865
2018-04-04,152.03,155.10,155.56,150.51,49885584
2018-04-05,161.56,159.34,161.57,156.65,41449609
2018-04-06,157.73,157.20,161.42,156.81,41644812
2018-04-09,157.82,157.93,160.53,156.04,34915227
2018-04-10,157.93,165.04,165.98,157.01,58947041
2018-04-11,165.36,166.32,168.65,163.25,56144633
2018-04-12,166.98,163.87,167.45,163.10,38262956
2018-04-13,164.58,164.52,165.70,163.77,19990561
2018-04-16,165.72,164.83,165.78,163.39,18119435
2018-04-17,165.83,168.66,169.00,165.66,22743029
2018-04-18,166.88,166.36,168.12,165.77,20969568
2018-04-19,166.20,168.10,168.33,165.20,22234961
2018-04-20,167.79,166.28,168.43,165.81,19119438
2018-04-23,167.27,165.84,168.45,165.09,23088102
2018-04-24,165.43,159.69,166.10,158.19,35079926
2018-04-25,160.14,159.69,161.06,156.19,41083581
2018-04-26,173.22,174.16,176.27,170.80,77556934
2018-04-27,176.81,173.59,177.10,172.60,29804657
2018-04-30,173.79,172.00,175.72,171.71,20750478
2018-05-01,172.00,173.86,174.02,170.23,26025932
2018-05-02,174.25,176.07,178.08,174.20,30424450
2018-05-03,175.13,174.02,176.12,172.12,24026071
2018-05-04,173.08,176.61,176.98,173.06,17677844
2018-05-07,177.35,177.97,179.50,177.17,18697195
2018-05-08,178.25,178.92,179.04,177.11,15577211
2018-05-09,179.67,182.66,183.01,178.78,23282811
2018-05-10,183.15,185.53,186.13,182.50,21071403
2018-05-11,184.85,186.99,188.32,184.18,21207848
2018-05-14,187.71,186.64,187.86,186.20,15646744
2018-05-15,184.88,184.32,185.29,183.20,15429433
2018-05-16,183.70,183.20,184.32,182.66,16975495
2018-05-17,182.68,183.76,184.06,182.22,14840675
2018-05-18,183.49,182.68,184.19,182.61,13130451
2018-05-21,183.77,184.49,185.30,183.13,13532864
2018-05-22,184.93,183.80,185.42,183.43,12731419
2018-05-23,182.50,186.90,186.91,182.18,16628100
2018-05-24,185.88,185.93,186.80,185.03,12354742
2018-05-25,186.02,184.92,186.33,184.45,10965061
2018-05-29,184.34,185.74,186.81,183.71,16398937
2018-05-30,186.54,187.67,188.00,185.25,13736866
2018-05-31,187.87,191.78,192.72,187.48,30782631
2018-06-01,193.07,193.99,194.55,192.07,17307245
2018-06-04,191.84,193.28,193.98,191.47,18939795
2018-06-05,194.30,192.94,195.00,192.62,15544294
2018-06-06,191.03,191.34,192.53,189.11,22558920
2018-06-07,190.75,188.18,190.97,186.77,21503171
2018-06-08,187.53,189.10,189.48,186.43,12677092
2018-06-11,188.81,191.54,192.60,188.80,12928907
2018-06-12,192.17,192.40,193.28,191.56,11562704
2018-06-13,192.74,192.41,194.50,191.91,15853821
2018-06-14,193.10,196.81,197.28,192.91,19120866
2018-06-15,195.79,195.85,197.07,194.64,21860931
2018-06-18,194.80,198.31,199.58,194.13,16826023
2018-06-19,196.24,197.49,197.96,193.79,19993996
2018-06-20,199.10,202.00,203.55,198.81,28230933
2018-06-21,202.76,201.50,203.39,200.09,19045717
2018-06-22,201.16,201.74,202.24,199.31,17420188
2018-06-25,200.00,196.35,200.00,193.11,25275137
2018-06-26,197.60,199.00,199.10,196.23,17897576
2018-06-27,199.18,195.84,200.75,195.80,18734408
2018-06-28,195.18,196.23,197.34,193.26,18172439
2018-06-29,197.32,194.32,197.60,193.96,15811602
2018-07-02,193.37,197.36,197.45,192.22,13961578
2018-07-03,194.55,192.73,195.40,192.52,13489514
2018-07-05,194.74,198.45,198.65,194.03,19684193
2018-07-06,198.45,203.23,203.64,197.70,19740131
2018-07-09,204.93,204.74,205.80,202.12,18149437
2018-07-10,204.50,203.54,204.91,202.26,13190067
2018-07-11,202.22,202.54,204.50,201.75,12927377
2018-07-12,203.43,206.92,207.08,203.19,15454706
2018-07-13,207.81,207.32,208.43,206.45,11503401
2018-07-16,207.50,207.23,208.72,206.84,11078209
2018-07-17,204.90,209.99,210.46,204.84,15349892
2018-07-18,209.82,209.36,210.99,208.44,15334907
2018-07-19,208.77,208.09,209.99,207.76,11350429
2018-07-20,208.85,209.94,211.50,208.50,16241508
2018-07-23,210.58,210.91,211.62,208.80,16731969
2018-07-24,215.11,214.67,216.20,212.60,28468681
2018-07-25,215.72,217.50,218.62,214.27,64592585
2018-07-26,174.89,176.26,180.13,173.75,169803668
2018-07-27,179.87,174.89,179.93,173.00,60073749
2018-07-30,175.30,171.06,175.30,166.56,65280787
2018-07-31,170.67,172.58,174.24,170.00,40356471
2018-08-01,173.93,171.65,175.08,170.90,34042109
2018-08-02,170.68,176.37,176.79,170.27,32399954
2018-08-03,177.69,177.78,178.85,176.15,24763434
2018-08-06,178.97,185.69,185.79,178.38,49716192
2018-08-07,186.50,183.81,188.30,183.72,33398562
2018-08-08,184.75,185.18,186.85,183.76,22205230
2018-08-09,185.85,183.09,186.57,182.48,19732120
2018-08-10,182.04,180.26,182.10,179.42,21500410
2018-08-13,180.10,180.05,182.61,178.90,17423264
2018-08-14,180.71,181.11,181.99,178.62,19101995
2018-08-15,179.34,179.53,180.87,174.78,33020231
2018-08-16,180.42,174.70,180.50,174.01,31351784
2018-08-17,174.50,173.80,176.22,172.04,24893176
2018-08-20,174.04,172.50,174.57,170.91,21518006
2018-08-21,172.81,172.62,174.17,171.39,19578514
2018-08-22,172.21,173.64,174.24,172.13,16894083
2018-08-23,173.09,172.90,175.55,172.83,18053567
2018-08-24,173.70,174.65,174.82,172.92,14631556
2018-08-27,175.99,177.46,178.67,175.79,17921935
2018-08-28,178.10,176.26,178.24,175.83,15910675
2018-08-29,176.30,175.90,176.79,174.75,18678301
2018-08-30,175.90,177.64,179.79,175.70,24216532
2018-08-31,177.15,175.73,177.62,174.98,18065159
2018-09-04,173.50,171.16,173.89,168.80,29808971
2018-09-05,169.49,167.18,171.13,166.67,31226744
2018-09-06,166.98,162.53,166.98,160.00,41514834
2018-09-07,160.31,163.04,164.63,160.16,24300600
2018-09-10,163.51,164.18,165.01,162.16,20197680
2018-09-11,163.94,165.94,167.19,163.72,20457088
2018-09-12,163.25,162.00,164.49,161.80,24078118
2018-09-13,162.00,161.36,163.32,160.86,25453775
2018-09-14,161.72,162.32,162.84,160.34,21770405
2018-09-17,161.92,160.58,162.06,159.77,21005321
2018-09-18,159.39,160.30,161.76,158.87,22465236
2018-09-19,160.08,163.06,163.44,159.48,19628996
2018-09-20,164.50,166.02,166.45,164.47,18936038
2018-09-21,166.64,162.93,167.25,162.81,45994800
2018-09-24,161.03,165.41,165.70,160.88,19222775
2018-09-25,161.99,164.91,165.59,161.15,27622806
2018-09-26,164.30,166.95,169.30,164.21,25252231
2018-09-27,167.55,168.84,171.77,167.21,27266856
2018-09-28,168.33,164.46,168.79,162.56,34265638
2018-10-01,163.03,162.44,165.88,161.26,26407677
2018-10-02,161.58,159.33,162.28,158.67,36030977
2018-10-03,160.00,162.43,163.66,159.53,23109456
2018-10-04,161.46,158.85,161.46,157.35,25739635
2018-10-05,159.21,157.33,160.90,156.20,25744047
2018-10-08,155.54,157.25,158.34,154.39,24045968
2018-10-09,157.69,157.90,160.59,157.42,18844425
2018-10-10,156.82,151.38,157.69,151.31,30609970
2018-10-11,150.13,153.35,154.81,149.16,35338901
2018-10-12,156.73,153.74,156.89,151.30,25293492
2018-10-15,153.32,153.52,155.57,152.55,15433521
2018-10-16,155.40,158.78,159.46,155.01,19180095
2018-10-17,159.56,159.42,160.49,157.95,17592003
2018-10-18,158.51,154.92,158.66,153.28,21675084
2018-10-19,155.86,154.05,157.35,153.55,19761347
2018-10-22,154.76,154.78,157.34,154.46,15424658
2018-10-23,151.22,154.39,154.77,150.85,19095032
2018-10-24,154.28,146.04,154.65,145.60,27744597
2018-10-25,147.73,150.95,152.21,147.00,22105696
2018-10-26,145.82,145.37,149.00,143.80,31303341
2018-10-29,148.50,142.09,148.83,139.03,31336784
2018-10-30,139.94,146.22,146.64,139.74,50528278
2018-10-31,155.00,151.79,156.40,148.96,60101251
2018-11-01,151.52,151.75,152.75,149.35,25640786
2018-11-02,151.80,150.35,154.13,148.96,24708695
2018-11-05,150.10,148.68,150.19,147.44,15969849
2018-11-06,149.31,149.94,150.97,148.00,16667124
2018-11-07,151.57,151.53,153.01,149.83,21877372
2018-11-08,150.49,147.87,150.94,146.74,24145814
2018-11-09,146.75,144.96,147.76,144.07,17326898
2018-11-12,144.48,141.55,145.04,140.49,18542123
2018-11-13,142.00,142.16,144.88,141.62,15141710
2018-11-14,143.70,144.22,145.58,141.55,22068384
2018-11-15,142.33,143.85,144.84,140.83,30320280
2018-11-16,141.07,139.53,141.77,137.77,37250560
2018-11-19,137.61,131.55,137.75,131.21,44362729
2018-11-20,127.03,132.43,134.16,126.85,41939475
2018-11-21,134.40,134.82,137.19,134.13,25469735
2018-11-23,133.65,131.73,134.50,131.26,11886128
2018-11-26,133.00,136.38,137.00,132.78,24263640
2018-11-27,135.75,135.00,136.61,133.71,20750318
2018-11-28,136.28,136.76,136.79,131.85,29847505
2018-11-29,135.92,138.68,139.99,135.66,24238713
2018-11-30,138.26,140.61,140.97,137.36,25732577
2018-12-03,143.00,141.09,143.68,140.76,24819226
2018-12-04,140.73,137.93,143.39,137.16,30307400
2018-12-06,133.82,139.63,139.70,133.67,28218145
2018-12-07,139.25,137.42,140.87,136.66,21195460
2018-12-10,139.60,141.85,143.05,139.01,26422173
2018-12-11,143.88,142.08,143.88,141.10,20300349
2018-12-12,143.08,144.50,147.19,142.51,23696936
2018-12-13,145.57,145.01,145.85,143.19,18148610
2018-12-14,143.34,144.06,146.01,142.51,21785820
2018-12-17,143.08,140.19,144.92,138.42,24333959
2018-12-18,141.08,143.66,145.93,139.83,24709084
2018-12-19,141.21,133.24,144.91,132.50,57404894
2018-12-20,130.70,133.40,135.57,130.00,40297944
2018-12-21,133.39,124.95,134.90,123.42,56901491
2018-12-24,123.10,124.06,129.74,123.02,22066002
2018-12-26,126.00,134.18,134.24,125.89,39723370
2018-12-27,132.44,134.52,134.99,129.67,31202509
2018-12-28,135.34,133.20,135.92,132.20,22627569
2018-12-31,134.45,131.09,134.64,129.95,24625308
2019-01-02,128.99,135.68,137.51,128.56,28146193
2019-01-03,134.69,131.74,137.17,131.12,22717948
2019-01-04,134.01,137.95,138.00,133.75,29002059
2019-01-07,137.56,138.05,138.87,135.91,20089337
2019-01-08,139.89,142.53,143.14,139.54,26263793
2019-01-09,142.95,144.23,144.70,141.27,22205879
2019-01-10,143.08,144.20,144.56,140.84,16125004
2019-01-11,143.15,143.80,145.36,142.57,12908031
2019-01-14,142.00,145.39,146.57,141.27,20520278
2019-01-15,146.01,148.95,150.68,145.99,24068822
2019-01-16,149.00,147.54,149.65,147.00,18025714
2019-01-17,146.95,148.30,149.00,146.50,15787914
2019-01-18,149.75,150.04,152.43,148.55,31029612
2019-01-22,149.20,147.57,151.53,146.37,22378694
2019-01-23,148.28,144.30,148.80,143.06,20098415
2019-01-24,144.64,145.83,146.44,142.52,20955518
2019-01-25,147.48,149.01,149.83,146.54,22250954
2019-01-28,148.05,147.47,148.96,146.21,15508483
2019-01-29,148.09,144.19,148.10,143.43,17631953
2019-01-30,146.22,150.42,150.95,145.70,44613240
2019-01-31,165.60,166.69,171.68,165.00,77233602
2019-02-01,165.84,165.71,169.10,165.66,30806513
2019-02-04,165.70,169.25,169.30,163.62,20036470
2019-02-05,169.15,171.16,171.98,168.69,22556985
2019-02-06,171.20,170.49,172.47,169.27,13281161
2019-02-07,168.20,166.38,169.24,165.25,17517609
2019-02-08,164.47,167.33,167.37,164.21,12561422
2019-02-11,167.90,165.79,168.30,165.08,12476751
2019-02-12,166.86,165.04,168.34,164.50,16193261
2019-02-13,165.38,164.07,166.22,163.73,14108548
2019-02-14,163.19,163.95,164.87,162.25,12553002
2019-02-15,164.51,162.50,164.70,160.86,15409257
2019-02-19,160.50,162.29,164.15,160.33,13970173
2019-02-20,162.25,162.56,163.72,161.25,11720868
2019-02-21,161.93,160.04,162.24,159.59,15425839
2019-02-22,160.58,161.89,162.41,160.31,15605235
2019-02-25,163.07,164.62,166.07,162.90,17549798
2019-02-26,164.34,164.13,166.24,163.80,13430801
2019-02-28,162.37,161.45,163.50,160.86,11114185
2019-03-01,162.60,162.28,163.13,161.69,11097770
2019-03-04,163.90,167.37,167.50,163.83,18894689
2019-03-05,167.37,171.26,171.88,166.55,26062563
2019-03-06,172.90,172.51,173.57,171.27,20540255
2019-03-07,171.50,169.13,171.74,167.61,17950267
2019-03-08,166.20,169.60,169.62,165.97,12601465
2019-03-11,171.60,172.07,174.30,171.58,18314639
2019-03-12,172.09,171.92,173.80,171.22,12111620
2019-03-13,172.32,173.37,174.03,172.12,10732648
2019-03-14,169.76,170.17,171.15,168.16,17376343
2019-03-15,167.16,165.97,167.58,162.51,34061756
2019-03-18,163.57,160.47,163.90,159.28,34899430
2019-03-19,161.48,161.57,163.82,160.82,24592465
